t11,t12,t13,t14,t15,t21,t22,t23,t24,t25
腕豪,盲僧,英勇投弹手,探险家,天启者,未来守护者,狂战士,诡术妖姬,残月之肃,深海泰坦
山隐之焰,虚空遁地兽,卡牌大师,探险家,深海泰坦,解脱者,法外狂徒,暮光星灵,虚空之女,魔法猫咪
暗裔剑魔,狂野女猎手,暗黑元首,复仇之矛,腕豪,荒漠屠夫,蜘蛛女皇,铸星龙王,残月之肃,深海泰坦
诺克萨斯之手,虚空遁地兽,魔蛇之拥,残月之肃,魂锁典狱长,暗裔剑魔,巨魔之王,发条魔灵,探险家,星界游神
荒漠屠夫,永猎双子,诡术妖姬,赏金猎人,魂锁典狱长,齐天大圣,腕豪,暗黑元首,荣耀行刑官,深海泰坦
山隐之焰,狂战士,沙漠皇帝,复仇之矛,魂锁典狱长,圣锤之毅,时间刺客,影流之主,虚空之女,弗雷尔卓德之心
暗裔剑魔,盲僧,暗黑元首,残月之肃,瓦洛兰之盾,海洋之灾,巨魔之王,潮汐海灵,复仇之矛,深海泰坦
暗裔剑魔,狂野女猎手,诡术妖姬,赏金猎人,魔法猫咪,荒漠屠夫,巨魔之王,暮光星灵,探险家,仙灵女巫
武器大师,盲僧,卡牌大师,探险家,腕豪,暗裔剑魔,法外狂徒,沙漠皇帝,复仇之矛,曙光女神
暗裔剑魔,狂野女猎手,机械公敌,复仇之矛,腕豪,荒漠屠夫,盲僧,铸星龙王,残月之肃,曙光女神
荒漠屠夫,法外狂徒,天启者,爆破鬼才,河流之王,暗裔剑魔,狂野女猎手,虚空之眼,残月之肃,曙光女神
山隐之焰,永猎双子,机械先驱,探险家,众星之子,腕豪,时间刺客,英勇投弹手,残月之肃,魔法猫咪
未来守护者,盲僧,发条魔灵,残月之肃,魂锁典狱长,青钢影,狂战士,卡牌大师,探险家,魔法猫咪
铁铠冥魂,法外狂徒,暗黑元首,寒冰射手,魂锁典狱长,荒漠屠夫,狂战士,诡术妖姬,残月之肃,蒸汽机器人
暗裔剑魔,盲僧,暗黑元首,复仇之矛,魂锁典狱长,荒漠屠夫,巨魔之王,正义巨像,寒冰射手,腕豪
山隐之焰,巨魔之王,猩红收割者,探险家,魔法猫咪,齐天大圣,酒桶,疾风剑豪,战争女神,天启者
铁铠冥魂,盲僧,魔蛇之拥,残月之肃,魂锁典狱长,荒漠屠夫,巨魔之王,英勇投弹手,探险家,天启者
暗裔剑魔,狂野女猎手,正义巨像,残月之肃,魂锁典狱长,山隐之焰,法外狂徒,英勇投弹手,赏金猎人,深海泰坦
山隐之焰,腕豪,虚空行者,复仇之矛,魂锁典狱长,齐天大圣,时间刺客,仙灵女巫,残月之肃,魔法猫咪
荒漠屠夫,虚空遁地兽,暮光星灵,残月之肃,曙光女神,扭曲树精,永猎双子,诡术妖姬,探险家,深海泰坦
荒漠屠夫,狂野女猎手,时间刺客,惩戒之箭,河流之王,铁铠冥魂,法外狂徒,正义巨像,赏金猎人,曙光女神
未来守护者,巨魔之王,暮光星灵,残月之肃,深海泰坦,暗裔剑魔,德玛西亚皇子,暗黑元首,探险家,腕豪
未来守护者,盲僧,暗黑元首,残月之肃,深海泰坦,山隐之焰,狂战士,正义巨像,复仇之矛,腕豪
暗裔剑魔,法外狂徒,发条魔灵,赏金猎人,腕豪,齐天大圣,狂战士,潮汐海灵,残月之肃,魔法猫咪
解脱者,巨魔之王,元素女皇,残月之肃,魂锁典狱长,齐天大圣,虚空遁地兽,潮汐海灵,复仇之矛,深海泰坦
山隐之焰,蜘蛛女皇,影流之主,残月之肃,魂锁典狱长,齐天大圣,巨魔之王,暮光星灵,爆破鬼才,不屈之枪
荒漠屠夫,狂野女猎手,腕豪,探险家,魂锁典狱长,铁铠冥魂,巨魔之王,诡术妖姬,残月之肃,魔法猫咪
山隐之焰,虚空遁地兽,猩红收割者,残月之肃,深海泰坦,青钢影,法外狂徒,正义巨像,探险家,魂锁典狱长
荒漠屠夫,狂野女猎手,暗黑元首,涤魂圣枪,扭曲树精,齐天大圣,盲僧,诡术妖姬,残月之肃,魂锁典狱长
山隐之焰,永猎双子,天启者,残月之肃,众星之子,荒漠屠夫,法外狂徒,发条魔灵,复仇之矛,腕豪
圣锤之毅,巨魔之王,虚空行者,圣枪游侠,魔法猫咪,未来守护者,盲僧,暮光星灵,探险家,不屈之枪
暗裔剑魔,狂战士,英勇投弹手,残月之肃,魂锁典狱长,齐天大圣,巨魔之王,虚空行者,复仇之矛,曙光女神
齐天大圣,法外狂徒,暗黑元首,探险家,星界游神,荒漠屠夫,德玛西亚皇子,正义巨像,残月之肃,仙灵女巫
腕豪,盲僧,离群之刺,复仇之矛,瓦洛兰之盾,山隐之焰,巨魔之王,暗黑元首,探险家,天启者
山隐之焰,巨魔之王,时间刺客,残月之肃,弗雷尔卓德之心,圣锤之毅,酒桶,疾风剑豪,暗黑元首,深海泰坦
荒漠屠夫,狂野女猎手,符文法师,虚空之女,腕豪,暗裔剑魔,盲僧,正义巨像,残月之肃,深海泰坦
铁铠冥魂,虚空遁地兽,暮光星灵,残月之肃,星界游神,青钢影,法外狂徒,卡牌大师,探险家,腕豪
铁铠冥魂,法外狂徒,时间刺客,残月之肃,魂锁典狱长,齐天大圣,巨魔之王,暗黑元首,探险家,曙光女神
狂暴之心,虚空遁地兽,符文法师,惩戒之箭,河流之王,武器大师,盲僧,正义巨像,战争女神,天启者
不屈之枪,蜘蛛女皇,沙漠皇帝,残月之肃,腕豪,齐天大圣,法外狂徒,天启者,探险家,魂锁典狱长
解脱者,盲僧,暗黑元首,探险家,天启者,山隐之焰,狂野女猎手,诡术妖姬,虚空之女,魂锁典狱长
山隐之焰,盲僧,岩雀,皮城女警,天启者,解脱者,巨魔之王,魔蛇之拥,探险家,魔法猫咪
暗裔剑魔,盲僧,沙漠皇帝,探险家,魔法猫咪,战争之影,法外狂徒,机械公敌,战争女神,天启者
正义天使,狂战士,诡术妖姬,残月之肃,深海泰坦,山隐之焰,虚空遁地兽,暮光星灵,探险家,魔法猫咪
酒桶,巨魔之王,暮光星灵,残月之肃,仙灵女巫,齐天大圣,盲僧,正义巨像,探险家,魔法猫咪
无双剑姬,狂野女猎手,发条魔灵,复仇之矛,腕豪,暗裔剑魔,法外狂徒,诡术妖姬,残月之肃,魂锁典狱长
解脱者,时间刺客,法外狂徒,探险家,弗雷尔卓德之心,狂暴之心,狂战士,元素女皇,残月之肃,魂锁典狱长
腕豪,巨魔之王,暮光星灵,探险家,魔法猫咪,齐天大圣,盲僧,虚空行者,残月之肃,仙灵女巫
腕豪,德玛西亚皇子,机械先驱,残月之肃,仙灵女巫,未来守护者,狂战士,卡牌大师,探险家,魔法猫咪
荒漠屠夫,死亡颂唱者,不屈之枪,残月之肃,魔法猫咪,圣枪游侠,时间刺客,暮光星灵,涤魂圣枪,腕豪
狂暴之心,巨魔之王,永恒梦魇,虚空之女,蒸汽机器人,山隐之焰,狂战士,潮汐海灵,残月之肃,魂锁典狱长
扭曲树精,虚空遁地兽,魔蛇之拥,残月之肃,仙灵女巫,山隐之焰,雷霆咆哮,发条魔灵,探险家,魔法猫咪
狂战士,时间刺客,不屈之枪,复仇之矛,瓦洛兰之盾,暗裔剑魔,盲僧,正义巨像,涤魂圣枪,腕豪
齐天大圣,狂战士,正义巨像,残月之肃,仙灵女巫,熔岩巨兽,法外狂徒,英勇投弹手,探险家,天启者
暗裔剑魔,蜘蛛女皇,元素女皇,残月之肃,仙灵女巫,齐天大圣,巨魔之王,暮光星灵,瘟疫之源,魔法猫咪
山隐之焰,盲僧,暗黑元首,残月之肃,仙灵女巫,风暴之怒,狂战士,时间刺客,探险家,魔法猫咪
亡灵战神,盲僧,天启者,残月之肃,深海泰坦,齐天大圣,巨魔之王,发条魔灵,探险家,魂锁典狱长
暗裔剑魔,巨魔之王,虚空行者,探险家,魔法猫咪,铁铠冥魂,盲僧,正义巨像,残月之肃,魂锁典狱长
未来守护者,盲僧,暗黑元首,虚空之女,魂锁典狱长,山隐之焰,巨魔之王,诡术妖姬,暴走萝莉,河流之王
扭曲树精,永猎双子,魔蛇之拥,探险家,腕豪,齐天大圣,蜘蛛女皇,诡术妖姬,残月之肃,魂锁典狱长
铁铠冥魂,法外狂徒,卡牌大师,残月之肃,魂锁典狱长,山隐之焰,巨魔之王,发条魔灵,寒冰射手,腕豪
暗裔剑魔,巨魔之王,天启者,探险家,魔法猫咪,荒漠屠夫,盲僧,暮光星灵,残月之肃,涤魂圣枪
山隐之焰,巨魔之王,诡术妖姬,残月之肃,深海泰坦,铁铠冥魂,法外狂徒,暗黑元首,寒冰射手,魂锁典狱长
酒桶,巨魔之王,发条魔灵,残月之肃,深海泰坦,齐天大圣,盲僧,卡牌大师,探险家,魔法猫咪
暗裔剑魔,盲僧,暮光星灵,复仇之矛,魂锁典狱长,青钢影,法外狂徒,魔蛇之拥,残月之肃,深海泰坦
山隐之焰,虚空遁地兽,沙漠皇帝,残月之肃,仙灵女巫,暗裔剑魔,德玛西亚皇子,机械公敌,探险家,魔法猫咪
风暴之怒,巨魔之王,沙漠皇帝,残月之肃,魂锁典狱长,腕豪,时间刺客,九尾妖狐,探险家,天启者
铁铠冥魂,巨魔之王,魔蛇之拥,探险家,魂锁典狱长,雷霆咆哮,永猎双子,卡牌大师,残月之肃,弗雷尔卓德之心
荒漠屠夫,法外狂徒,沙漠皇帝,寒冰射手,河流之王,齐天大圣,虚空遁地兽,发条魔灵,复仇之矛,深海泰坦
机械公敌,法外狂徒,发条魔灵,探险家,深海泰坦,海洋之灾,狂野女猎手,天启者,复仇之矛,瓦洛兰之盾
武器大师,巨魔之王,暗黑元首,惩戒之箭,天启者,山隐之焰,法外狂徒,万花通灵,复仇之矛,远古恐惧
山隐之焰,巨魔之王,发条魔灵,探险家,幻翎,雷霆咆哮,狂野女猎手,卡牌大师,寒冰射手,魂锁典狱长
海洋之灾,法外狂徒,卡牌大师,残月之肃,魂锁典狱长,荒漠屠夫,狂野女猎手,解脱者,复仇之矛,瓦洛兰之盾
荒漠屠夫,巨魔之王,魔蛇之拥,赏金猎人,深海泰坦,山隐之焰,永猎双子,卡牌大师,残月之肃,曙光女神
山隐之焰,永恒梦魇,卡牌大师,探险家,腕豪,雷霆咆哮,巨魔之王,正义巨像,残月之肃,弗雷尔卓德之心
齐天大圣,巨魔之王,暮光星灵,复仇之矛,星界游神,荒漠屠夫,蜘蛛女皇,暗黑元首,赏金猎人,魂锁典狱长
齐天大圣,法外狂徒,暗黑元首,残月之肃,魂锁典狱长,熔岩巨兽,死亡颂唱者,不屈之枪,赏金猎人,腕豪
荒漠屠夫,巨魔之王,发条魔灵,逆羽,幻翎,暗裔剑魔,盲僧,沙漠皇帝,复仇之矛,曙光女神
齐天大圣,不屈之枪,远古巫灵,涤魂圣枪,扭曲树精,暗裔剑魔,法外狂徒,暮光星灵,探险家,深海泰坦
山隐之焰,德玛西亚皇子,英勇投弹手,残月之肃,星界游神,暗裔剑魔,盲僧,暗黑元首,复仇之矛,魂锁典狱长
荒漠屠夫,巨魔之王,暮光星灵,残月之肃,弗雷尔卓德之心,齐天大圣,德玛西亚皇子,卡牌大师,赏金猎人,深海泰坦
齐天大圣,永猎双子,诡术妖姬,残月之肃,深海泰坦,熔岩巨兽,法外狂徒,正义巨像,探险家,天启者
不屈之枪,蜘蛛女皇,英勇投弹手,残月之肃,深海泰坦,山隐之焰,盲僧,沙漠皇帝,探险家,魂锁典狱长
山隐之焰,巨魔之王,发条魔灵,残月之肃,深海泰坦,荒漠屠夫,盲僧,探险家,暗黑元首,魂锁典狱长
战争之影,巨魔之王,诡术妖姬,探险家,天启者,暗裔剑魔,齐天大圣,万花通灵,残月之肃,魂锁典狱长
齐天大圣,巨魔之王,机械先驱,残月之肃,弗雷尔卓德之心,海洋之灾,永猎双子,天启者,探险家,星界游神
铁铠冥魂,巨魔之王,魔蛇之拥,残月之肃,魂锁典狱长,山隐之焰,狂战士,虚空先知,探险家,魔法猫咪
战争之影,巨魔之王,时间刺客,戏命师,星界游神,暗裔剑魔,德玛西亚皇子,暗黑元首,探险家,魔法猫咪
荒漠屠夫,盲僧,冰霜女巫,残月之肃,曙光女神,齐天大圣,巨魔之王,诡术妖姬,赏金猎人,深海泰坦
雷霆咆哮,法外狂徒,沙漠皇帝,复仇之矛,深海泰坦,刀锋舞者,巨魔之王,暮光星灵,寒冰射手,河流之王
荒漠屠夫,巨魔之王,皎月女神,残月之肃,魂锁典狱长,山隐之焰,盲僧,暗黑元首,赏金猎人,深海泰坦
荒漠屠夫,永猎双子,诡术妖姬,暗黑元首,牛头酋长,齐天大圣,法外狂徒,时间刺客,复仇之矛,曙光女神
荒漠屠夫,盲僧,暗黑元首,探险家,曙光女神,武器大师,法外狂徒,时间刺客,寒冰射手,弗雷尔卓德之心
荒漠屠夫,巨魔之王,发条魔灵,探险家,魔法猫咪,腕豪,盲僧,九尾妖狐,残月之肃,仙灵女巫
齐天大圣,法外狂徒,卡牌大师,复仇之矛,腕豪,铁铠冥魂,盲僧,沙漠皇帝,残月之肃,魂锁典狱长
海洋之灾,蜘蛛女皇,离群之刺,残月之肃,深海泰坦,荒漠屠夫,齐天大圣,暗黑元首,探险家,魔法猫咪
暗裔剑魔,盲僧,暗黑元首,复仇之矛,瓦洛兰之盾,铁铠冥魂,法外狂徒,正义巨像,残月之肃,深海泰坦
齐天大圣,法外狂徒,沙漠皇帝,暗黑元首,魂锁典狱长,未来守护者,巨魔之王,暮光星灵,涤魂圣枪,扭曲树精
齐天大圣,德玛西亚皇子,离群之刺,探险家,魂锁典狱长,战争之影,巨魔之王,暮光星灵,赏金猎人,深海泰坦
山隐之焰,巨魔之王,暗黑元首,残月之肃,弗雷尔卓德之心,刀锋舞者,德玛西亚皇子,正义巨像,寒冰射手,曙光女神
铁铠冥魂,盲僧,暮光星灵,复仇之矛,瓦洛兰之盾,暗裔剑魔,蜘蛛女皇,元素女皇,寒冰射手,深海泰坦
未来守护者,德玛西亚皇子,诡术妖姬,复仇之矛,魂锁典狱长,武器大师,虚空遁地兽,暗黑元首,残月之肃,深海泰坦
未来守护者,狂野女猎手,荒漠屠夫,虚空之女,牛头酋长,山隐之焰,雪原双子,暮光星灵,复仇之矛,曙光女神
猩红收割者,盲僧,暮光星灵,虚空之女,曙光女神,狂暴之心,狂战士,时间刺客,残月之肃,深海泰坦
山隐之焰,永猎双子,机械先驱,探险家,魔法猫咪,扭曲树精,法外狂徒,英勇投弹手,残月之肃,天启者
山隐之焰,法外狂徒,沙漠皇帝,残月之肃,天启者,腕豪,德玛西亚皇子,邪恶小法师,探险家,魔法猫咪
战争之影,巨魔之王,暗黑元首,探险家,深海泰坦,齐天大圣,岩雀,元素女皇,残月之肃,魂锁典狱长
铁铠冥魂,德玛西亚皇子,沙漠皇帝,残月之肃,魂锁典狱长,齐天大圣,巨魔之王,虚空行者,暗黑元首,不屈之枪
圣锤之毅,法外狂徒,暗黑元首,复仇之矛,魂锁典狱长,未来守护者,巨魔之王,诡术妖姬,虚空之女,腕豪
齐天大圣,狂野女猎手,刀锋舞者,虚空之女,腕豪,战争之影,法外狂徒,爆破鬼才,赏金猎人,星界游神
齐天大圣,永猎双子,魔蛇之拥,探险家,魔法猫咪,虚空恐惧,巨魔之王,英勇投弹手,疾风剑豪,幻翎
山隐之焰,时间刺客,腕豪,探险家,暮光之眼,正义天使,巨魔之王,暮光星灵,残月之肃,曙光女神
德玛西亚之翼,盲僧,元素女皇,虚空之女,腕豪,荒漠屠夫,蜘蛛女皇,诡术妖姬,残月之肃,魂锁典狱长
熔岩巨兽,法外狂徒,正义巨像,探险家,深海泰坦,齐天大圣,巨魔之王,英勇投弹手,残月之肃,魂锁典狱长
山隐之焰,巨魔之王,诡术妖姬,残月之肃,深海泰坦,铁铠冥魂,永猎双子,天启者,探险家,弗雷尔卓德之心
山隐之焰,盲僧,卡牌大师,残月之肃,仙灵女巫,腕豪,法外狂徒,发条魔灵,探险家,魔法猫咪
暗裔剑魔,巨魔之王,魔蛇之拥,探险家,天启者,腕豪,盲僧,沙漠皇帝,残月之肃,深海泰坦
机械公敌,盲僧,天启者,荣耀行刑官,曙光女神,刀锋舞者,巨魔之王,暮光星灵,复仇之矛,魂锁典狱长
荒漠屠夫,盲僧,诡术妖姬,残月之肃,魂锁典狱长,齐天大圣,法外狂徒,暗黑元首,探险家,曙光女神
齐天大圣,法外狂徒,正义巨像,残月之肃,曙光女神,暗裔剑魔,巨魔之王,暮光星灵,赏金猎人,深海泰坦
圣锤之毅,盲僧,发条魔灵,残月之肃,魂锁典狱长,符文法师,时间刺客,腕豪,齐天大圣,涤魂圣枪
不屈之枪,永猎双子,暗黑元首,赏金猎人,魂锁典狱长,腕豪,巨魔之王,发条魔灵,残月之肃,深海泰坦
暗裔剑魔,德玛西亚皇子,机械先驱,探险家,涤魂圣枪,青钢影,法外狂徒,诡术妖姬,深渊巨口,仙灵女巫
铁铠冥魂,时间刺客,腕豪,惩戒之箭,魔法猫咪,暗裔剑魔,法外狂徒,正义巨像,残月之肃,瓦洛兰之盾
解脱者,虚空遁地兽,英勇投弹手,涤魂圣枪,腕豪,山隐之焰,盲僧,发条魔灵,残月之肃,魔法猫咪
雷霆咆哮,法外狂徒,发条魔灵,探险家,魔法猫咪,众星之子,腕豪,沙漠皇帝,涤魂圣枪,扭曲树精
山隐之焰,法外狂徒,正义巨像,寒冰射手,河流之王,正义天使,狂战士,诡术妖姬,残月之肃,魂锁典狱长
铁铠冥魂,齐天大圣,疾风剑豪,探险家,天启者,荒漠屠夫,岩雀,暮光星灵,惩戒之箭,河流之王
山隐之焰,时间刺客,不屈之枪,残月之肃,曙光女神,荒漠屠夫,德玛西亚皇子,暗黑元首,赏金猎人,魂锁典狱长
铁铠冥魂,巨魔之王,诡术妖姬,寒冰射手,曙光女神,齐天大圣,狂野女猎手,不屈之枪,残月之肃,深海泰坦
暗裔剑魔,盲僧,沙漠皇帝,残月之肃,深海泰坦,山隐之焰,德玛西亚皇子,发条魔灵,赏金猎人,魂锁典狱长
山隐之焰,法外狂徒,正义巨像,探险家,星界游神,亡灵战神,巨魔之王,解脱者,残月之肃,魂锁典狱长
暗裔剑魔,狂战士,诡术妖姬,探险家,天启者,荒漠屠夫,酒桶,未来守护者,残月之肃,魂锁典狱长
青钢影,时间刺客,沙漠皇帝,残月之肃,深海泰坦,暗裔剑魔,法外狂徒,暮光星灵,探险家,魔法猫咪
齐天大圣,永猎双子,发条魔灵,探险家,天启者,暗裔剑魔,巨魔之王,正义巨像,残月之肃,深海泰坦
荒漠屠夫,法外狂徒,暗黑元首,残月之肃,正义巨像,暗裔剑魔,永猎双子,天启者,爆破鬼才,不屈之枪
山隐之焰,法外狂徒,英勇投弹手,涤魂圣枪,齐天大圣,铁铠冥魂,狂战士,正义巨像,寒冰射手,河流之王
暗裔剑魔,德玛西亚皇子,铸星龙王,探险家,魂锁典狱长,荒漠屠夫,巨魔之王,虚空行者,残月之肃,星界游神
海洋之灾,虚空遁地兽,发条魔灵,残月之肃,魂锁典狱长,猩红收割者,德玛西亚皇子,沙漠皇帝,探险家,天启者
武器大师,法外狂徒,正义巨像,赏金猎人,曙光女神,荒漠屠夫,巨魔之王,暗黑元首,残月之肃,魂锁典狱长
荒漠屠夫,时间刺客,腕豪,赏金猎人,正义巨像,暗裔剑魔,法外狂徒,暮光星灵,寒冰射手,星界游神
圣锤之毅,狂战士,暗黑元首,残月之肃,仙灵女巫,无双剑姬,德玛西亚皇子,皎月女神,探险家,星界游神
齐天大圣,狂战士,卡牌大师,战争女神,魔法猫咪,山隐之焰,盲僧,发条魔灵,探险家,深海泰坦
荒漠屠夫,狂野女猎手,腕豪,复仇之矛,曙光女神,山隐之焰,狂战士,诡术妖姬,残月之肃,深海泰坦
齐天大圣,永猎双子,卡牌大师,涤魂圣枪,正义巨像,暗裔剑魔,狂野女猎手,麦林炮手,虚空之女,深海泰坦
猩红收割者,腕豪,暮光星灵,惩戒之箭,天启者,战争之影,盲僧,发条魔灵,探险家,魔法猫咪
山隐之焰,虚空遁地兽,正义巨像,战争女神,魔法猫咪,荒漠屠夫,盲僧,暗黑元首,寒冰射手,星界游神
铁铠冥魂,盲僧,时间刺客,探险家,魔法猫咪,离群之刺,巨魔之王,暗黑元首,战争女神,深海泰坦
腕豪,盲僧,英勇投弹手,暗黑元首,蒸汽机器人,荒漠屠夫,德玛西亚皇子,沙漠皇帝,残月之肃,魂锁典狱长
齐天大圣,盲僧,暮光星灵,探险家,魔法猫咪,海洋之灾,腕豪,英勇投弹手,残月之肃,仙灵女巫
正义天使,法外狂徒,腕豪,涤魂圣枪,扭曲树精,山隐之焰,永猎双子,正义巨像,寒冰射手,深海泰坦
扭曲树精,狂战士,暮光星灵,探险家,河流之王,齐天大圣,德玛西亚皇子,暗黑元首,复仇之矛,深海泰坦
圣锤之毅,巨魔之王,卡牌大师,残月之肃,仙灵女巫,未来守护者,狂野女猎手,魔蛇之拥,探险家,魔法猫咪
齐天大圣,狂野女猎手,卡牌大师,残月之肃,魔法猫咪,熔岩巨兽,巨魔之王,沙漠皇帝,寒冰射手,弗雷尔卓德之心
山隐之焰,法外狂徒,天启者,探险家,星界游神,齐天大圣,盲僧,诡术妖姬,残月之肃,曙光女神
暗裔剑魔,影流之镰,暗黑元首,复仇之矛,瓦洛兰之盾,铁铠冥魂,巨魔之王,沙漠皇帝,残月之肃,星界游神
铁铠冥魂,虚空遁地兽,天启者,探险家,魔法猫咪,齐天大圣,酒桶,发条魔灵,复仇之矛,深海泰坦
荒漠屠夫,巨魔之王,暮光星灵,寒冰射手,河流之王,腕豪,永猎双子,暗黑元首,残月之肃,魂锁典狱长
铁铠冥魂,虚空遁地兽,解脱者,战争女神,魔法猫咪,山隐之焰,德玛西亚皇子,暗黑元首,惩戒之箭,牛头酋长
天启者,法外狂徒,正义巨像,虚空之女,深海泰坦,腕豪,永猎双子,魔蛇之拥,探险家,幻翎
青钢影,法外狂徒,卡牌大师,复仇之矛,星界游神,未来守护者,巨魔之王,虚空行者,涤魂圣枪,河流之王
荒漠屠夫,法外狂徒,时间刺客,虚空之女,魂锁典狱长,腕豪,巨魔之王,发条魔灵,探险家,曙光女神
铁铠冥魂,盲僧,天启者,残月之肃,深海泰坦,齐天大圣,巨魔之王,机械公敌,寒冰射手,曙光女神
暗裔剑魔,盲僧,暮光星灵,探险家,魔法猫咪,齐天大圣,法外狂徒,卡牌大师,残月之肃,深海泰坦
山隐之焰,狂野女猎手,沙漠皇帝,残月之肃,深海泰坦,青钢影,狂战士,暗黑元首,探险家,魔法猫咪
离群之刺,狂野女猎手,不屈之枪,涤魂圣枪,扭曲树精,解脱者,盲僧,暮光星灵,寒冰射手,星界游神
未来守护者,蜘蛛女皇,暗黑元首,残月之肃,曙光女神,青钢影,巨魔之王,沙漠皇帝,爆破鬼才,深海泰坦
山隐之焰,法外狂徒,诡术妖姬,探险家,弗雷尔卓德之心,圣锤之毅,岩雀,荒漠屠夫,战争女神,深海泰坦
荒漠屠夫,腕豪,魔蛇之拥,探险家,魔法猫咪,青钢影,狂战士,正义巨像,复仇之矛,魂锁典狱长
暗裔剑魔,狂战士,诡术妖姬,圣枪游侠,魔法猫咪,暴怒骑士,巨魔之王,暗黑元首,探险家,深海泰坦
山隐之焰,巨魔之王,暮光星灵,残月之肃,蒸汽机器人,猩红收割者,法外狂徒,沙漠皇帝,暗夜猎手,仙灵女巫
山隐之焰,法外狂徒,天启者,探险家,魔法猫咪,解脱者,巨魔之王,暮光星灵,残月之肃,魂锁典狱长
未来守护者,狂战士,沙漠皇帝,探险家,魂锁典狱长,齐天大圣,盲僧,发条魔灵,复仇之矛,腕豪
铁铠冥魂,巨魔之王,英勇投弹手,探险家,魔法猫咪,荒漠屠夫,解脱者,沙漠皇帝,残月之肃,深海泰坦
齐天大圣,盲僧,机械公敌,残月之肃,魂锁典狱长,铁铠冥魂,法外狂徒,暮光星灵,复仇之矛,深海泰坦
荒漠屠夫,法外狂徒,深海泰坦,虚空之女,腕豪,齐天大圣,巨魔之王,暗黑元首,探险家,曙光女神
狂暴之心,法外狂徒,时间刺客,探险家,幻翎,荒漠屠夫,盲僧,不屈之枪,暗黑元首,深海泰坦
青钢影,法外狂徒,诡术妖姬,涤魂圣枪,扭曲树精,暗裔剑魔,远古恐惧,元素女皇,复仇之矛,深海泰坦
迷失之牙,腕豪,英勇投弹手,残月之肃,弗雷尔卓德之心,荒漠屠夫,狂战士,沙漠皇帝,复仇之矛,瓦洛兰之盾
亡灵战神,酒桶,虚空行者,复仇之矛,瓦洛兰之盾,山隐之焰,巨魔之王,英勇投弹手,残月之肃,弗雷尔卓德之心
青钢影,永猎双子,虚空行者,残月之肃,弗雷尔卓德之心,齐天大圣,巨魔之王,卡牌大师,赏金猎人,星界游神
荒漠屠夫,法外狂徒,暗黑元首,赏金猎人,河流之王,暗裔剑魔,巨魔之王,诡术妖姬,复仇之矛,深海泰坦
齐天大圣,法外狂徒,正义巨像,探险家,瓦洛兰之盾,山隐之焰,盲僧,英勇投弹手,残月之肃,深海泰坦
荒漠屠夫,时间刺客,暗黑元首,赏金猎人,腕豪,圣枪游侠,巨魔之王,机械公敌,残月之肃,魂锁典狱长
齐天大圣,盲僧,离群之刺,残月之肃,深海泰坦,雷霆咆哮,腕豪,沙漠皇帝,探险家,曙光女神
荒漠屠夫,时间刺客,未来守护者,探险家,腕豪,暗裔剑魔,法外狂徒,诡术妖姬,虚空之女,深海泰坦
未来守护者,狂战士,暗黑元首,探险家,魔法猫咪,暗裔剑魔,狂野女猎手,沙漠皇帝,涤魂圣枪,扭曲树精
离群之刺,虚空遁地兽,时间刺客,探险家,天启者,暗裔剑魔,德玛西亚皇子,英勇投弹手,赏金猎人,魔法猫咪
暗裔剑魔,齐天大圣,沙漠皇帝,虚空之眼,深海泰坦,熔岩巨兽,巨魔之王,暗黑元首,探险家,曙光女神
齐天大圣,法外狂徒,天启者,探险家,星界游神,山隐之焰,盲僧,诡术妖姬,残月之肃,风暴之怒
山隐之焰,巨魔之王,发条魔灵,残月之肃,河流之王,酒桶,盲僧,沙漠皇帝,复仇之矛,瓦洛兰之盾
未来守护者,德玛西亚皇子,暮光星灵,探险家,魔法猫咪,荒漠屠夫,法外狂徒,卡牌大师,残月之肃,魂锁典狱长
铁铠冥魂,时间刺客,不屈之枪,圣枪游侠,魔法猫咪,荒漠屠夫,法外狂徒,万花通灵,探险家,深海泰坦
铁铠冥魂,法外狂徒,卡牌大师,众星之子,深海泰坦,荒漠屠夫,盲僧,发条魔灵,涤魂圣枪,齐天大圣
海洋之灾,狂战士,时间刺客,残月之肃,魂锁典狱长,荒漠屠夫,盲僧,暗黑元首,复仇之矛,瓦洛兰之盾
圣锤之毅,时间刺客,不屈之枪,复仇之矛,腕豪,山隐之焰,法外狂徒,万花通灵,寒冰射手,河流之王
腕豪,狂野女猎手,暮光星灵,探险家,曙光女神,雷霆咆哮,巨魔之王,卡牌大师,残月之肃,深海泰坦
齐天大圣,巨魔之王,正义巨像,残月之肃,腕豪,荒漠屠夫,永猎双子,暗黑元首,赏金猎人,星界游神
暗裔剑魔,盲僧,暮光星灵,探险家,腕豪,未来守护者,巨魔之王,发条魔灵,残月之肃,深海泰坦
山隐之焰,巨魔之王,发条魔灵,探险家,弗雷尔卓德之心,腕豪,盲僧,远古恐惧,虚空之女,幻翎
战争之影,巨魔之王,卡牌大师,残月之肃,天启者,齐天大圣,盲僧,暮光星灵,探险家,蒸汽机器人
山隐之焰,虚空遁地兽,猩红收割者,残月之肃,弗雷尔卓德之心,荒漠屠夫,法外狂徒,虚空行者,复仇之矛,魂锁典狱长
山隐之焰,巨魔之王,沙漠皇帝,复仇之矛,魂锁典狱长,雷霆咆哮,盲僧,英勇投弹手,残月之肃,曙光女神
腕豪,法外狂徒,机械先驱,残月之肃,魂锁典狱长,荒漠屠夫,时间刺客,齐天大圣,邪恶小法师,深海泰坦
海洋之灾,虚空遁地兽,卡牌大师,残月之肃,魂锁典狱长,暗裔剑魔,德玛西亚皇子,诡术妖姬,赏金猎人,牛头酋长
山隐之焰,永猎双子,暗黑元首,寒冰射手,魂锁典狱长,齐天大圣,巨魔之王,时间刺客,残月之肃,蒸汽机器人
齐天大圣,巨魔之王,正义巨像,探险家,魔法猫咪,暗裔剑魔,影流之镰,暮光星灵,残月之肃,魂锁典狱长
山隐之焰,盲僧,英勇投弹手,探险家,魂锁典狱长,齐天大圣,法外狂徒,解脱者,残月之肃,星界游神
荒漠屠夫,法外狂徒,正义巨像,探险家,曙光女神,山隐之焰,蜘蛛女皇,圣枪游侠,残月之肃,魂锁典狱长
战争之影,狂战士,卡牌大师,探险家,魔法猫咪,齐天大圣,法外狂徒,正义巨像,复仇之矛,魂锁典狱长
暴怒骑士,法外狂徒,天启者,残月之肃,深海泰坦,荒漠屠夫,盲僧,诡术妖姬,探险家,曙光女神
青钢影,巨魔之王,卡牌大师,残月之肃,魂锁典狱长,荒漠屠夫,腕豪,暮光星灵,探险家,星界游神
山隐之焰,永猎双子,正义巨像,残月之肃,星界游神,暗裔剑魔,巨魔之王,天启者,探险家,魔法猫咪
荒漠屠夫,狂野女猎手,未来守护者,探险家,曙光女神,铁铠冥魂,盲僧,暮光星灵,寒冰射手,天启者
荒漠屠夫,德玛西亚皇子,解脱者,探险家,星界游神,扭曲树精,巨魔之王,英勇投弹手,残月之肃,魂锁典狱长
暗裔剑魔,狂战士,暮光星灵,探险家,魔法猫咪,山隐之焰,盲僧,天启者,残月之肃,魂锁典狱长
山隐之焰,巨魔之王,解脱者,赏金猎人,曙光女神,齐天大圣,德玛西亚皇子,正义巨像,残月之肃,深海泰坦
齐天大圣,虚空遁地兽,正义巨像,赏金猎人,魂锁典狱长,荒漠屠夫,法外狂徒,英勇投弹手,探险家,星界游神
荒漠屠夫,巨魔之王,天启者,探险家,魔法猫咪,海洋之灾,盲僧,冰霜女巫,残月之肃,魂锁典狱长
狂暴之心,法外狂徒,暗黑元首,探险家,魔法猫咪,暗裔剑魔,巨魔之王,天启者,残月之肃,深海泰坦
齐天大圣,法外狂徒,正义巨像,探险家,深海泰坦,解脱者,德玛西亚皇子,暮光星灵,残月之肃,曙光女神
山隐之焰,腕豪,虚空行者,残月之肃,仙灵女巫,圣锤之毅,巨魔之王,发条魔灵,寒冰射手,天启者
青钢影,时间刺客,荒漠屠夫,残月之肃,曙光女神,迷失之牙,巨魔之王,诡术妖姬,探险家,魔法猫咪
山隐之焰,德玛西亚皇子,暮光星灵,探险家,河流之王,荒漠屠夫,狂战士,诡术妖姬,寒冰射手,星界游神
山隐之焰,巨魔之王,沙漠皇帝,残月之肃,星界游神,暗裔剑魔,盲僧,虚空行者,赏金猎人,魂锁典狱长
荒漠屠夫,狂野女猎手,正义巨像,残月之肃,深海泰坦,德玛西亚之翼,巨魔之王,暮光星灵,探险家,星界游神
海洋之灾,法外狂徒,英勇投弹手,复仇之矛,瓦洛兰之盾,腕豪,盲僧,诡术妖姬,探险家,魂锁典狱长
山隐之焰,影流之镰,诡术妖姬,残月之肃,魂锁典狱长,正义天使,巨魔之王,冰霜女巫,虚空之女,深海泰坦
齐天大圣,巨魔之王,诡术妖姬,圣枪游侠,魔法猫咪,铁铠冥魂,德玛西亚皇子,皎月女神,探险家,曙光女神
齐天大圣,北地之怒,暗黑元首,残月之肃,魂锁典狱长,铁铠冥魂,盲僧,沙漠皇帝,复仇之矛,腕豪
铁铠冥魂,巨魔之王,时间刺客,战争女神,魔法猫咪,暴怒骑士,盲僧,冰霜女巫,探险家,牛头酋长
山隐之焰,蜘蛛女皇,圣枪游侠,赏金猎人,魔法猫咪,未来守护者,法外狂徒,诡术妖姬,探险家,牛头酋长
山隐之焰,盲僧,暮光星灵,残月之肃,腕豪,暗裔剑魔,法外狂徒,沙漠皇帝,探险家,深海泰坦
铁铠冥魂,虚空遁地兽,时间刺客,探险家,深海泰坦,山隐之焰,巨魔之王,解脱者,残月之肃,魔法猫咪
齐天大圣,法外狂徒,沙漠皇帝,寒冰射手,星界游神,亡灵战神,巨魔之王,发条魔灵,探险家,魔法猫咪
暗裔剑魔,法外狂徒,正义巨像,探险家,魂锁典狱长,铁铠冥魂,盲僧,诡术妖姬,残月之肃,蒸汽机器人
暗裔剑魔,巨魔之王,暮光星灵,探险家,天启者,齐天大圣,德玛西亚皇子,沙漠皇帝,残月之肃,魂锁典狱长
铁铠冥魂,巨魔之王,正义巨像,残月之肃,深海泰坦,圣枪游侠,法外狂徒,天启者,探险家,曙光女神
暗裔剑魔,虚空遁地兽,诡术妖姬,探险家,魔法猫咪,山隐之焰,盲僧,冰霜女巫,残月之肃,天启者
齐天大圣,腕豪,沙漠皇帝,赏金猎人,魔法猫咪,山隐之焰,盲僧,暮光星灵,残月之肃,天启者
荒漠屠夫,巨魔之王,暮光星灵,探险家,河流之王,武器大师,蜘蛛女皇,不屈之枪,残月之肃,正义巨像
山隐之焰,盲僧,发条魔灵,探险家,弗雷尔卓德之心,暗裔剑魔,法外狂徒,沙漠皇帝,残月之肃,深海泰坦
齐天大圣,时间刺客,未来守护者,探险家,天启者,山隐之焰,盲僧,暗黑元首,残月之肃,腕豪
山隐之焰,虚空遁地兽,发条魔灵,寒冰射手,腕豪,海洋之灾,狂战士,沙漠皇帝,残月之肃,深海泰坦
海洋之灾,狂战士,沙漠皇帝,惩戒之箭,魂锁典狱长,暗裔剑魔,酒桶,暮光星灵,探险家,深海泰坦
暗裔剑魔,虚空遁地兽,时间刺客,残月之肃,魂锁典狱长,山隐之焰,盲僧,暗黑元首,探险家,魔法猫咪
齐天大圣,时间刺客,不屈之枪,残月之肃,星界游神,铁铠冥魂,盲僧,暗黑元首,探险家,天启者
齐天大圣,狂战士,暗黑元首,探险家,魔法猫咪,荒漠屠夫,盲僧,暮光星灵,残月之肃,仙灵女巫
复仇之矛,蜘蛛女皇,魔蛇之拥,涤魂圣枪,腕豪,山隐之焰,法外狂徒,英勇投弹手,残月之肃,仙灵女巫
荒漠屠夫,巨魔之王,离群之刺,探险家,星界游神,武器大师,时间刺客,腕豪,赏金猎人,魂锁典狱长
铁铠冥魂,法外狂徒,暗黑元首,探险家,深海泰坦,荒漠屠夫,永猎双子,天启者,残月之肃,曙光女神
天启者,腕豪,英勇投弹手,惩戒之箭,星界游神,扭曲树精,巨魔之王,沙漠皇帝,涤魂圣枪,齐天大圣
无畏战车,狂野女猎手,正义巨像,残月之肃,深海泰坦,山隐之焰,法外狂徒,天启者,探险家,曙光女神
齐天大圣,德玛西亚皇子,离群之刺,探险家,深海泰坦,荒漠屠夫,狂野女猎手,暗黑元首,残月之肃,魂锁典狱长
山隐之焰,巨魔之王,时间刺客,探险家,魂锁典狱长,正义天使,盲僧,发条魔灵,惩戒之箭,河流之王
山隐之焰,巨魔之王,皎月女神,残月之肃,曙光女神,铁铠冥魂,盲僧,暗黑元首,复仇之矛,深海泰坦
海洋之灾,狂战士,正义巨像,探险家,魔法猫咪,山隐之焰,永猎双子,沙漠皇帝,残月之肃,深海泰坦
暗裔剑魔,盲僧,元素女皇,探险家,天启者,齐天大圣,巨魔之王,英勇投弹手,复仇之矛,深海泰坦
齐天大圣,狂野女猎手,荒漠屠夫,惩戒之箭,天启者,铁铠冥魂,盲僧,万花通灵,战争女神,魂锁典狱长
暗裔剑魔,狂战士,暮光星灵,残月之肃,深海泰坦,雷霆咆哮,德玛西亚皇子,诡术妖姬,探险家,魔法猫咪
腕豪,狂野女猎手,发条魔灵,探险家,仙灵女巫,暗裔剑魔,巨魔之王,英勇投弹手,赏金猎人,魔法猫咪
山隐之焰,巨魔之王,诡术妖姬,残月之肃,曙光女神,荒漠屠夫,狂野女猎手,虚空先知,复仇之矛,魂锁典狱长
齐天大圣,巨魔之王,暗黑元首,赏金猎人,魔法猫咪,山隐之焰,盲僧,诡术妖姬,残月之肃,魂锁典狱长
暗裔剑魔,法外狂徒,诡术妖姬,残月之肃,曙光女神,荒漠屠夫,狂野女猎手,腕豪,惩戒之箭,深海泰坦
铁铠冥魂,巨魔之王,发条魔灵,残月之肃,弗雷尔卓德之心,山隐之焰,狂野女猎手,未来守护者,复仇之矛,魂锁典狱长
山隐之焰,法外狂徒,不祥之刃,残月之肃,蒸汽机器人,荒漠屠夫,狂野女猎手,爆破鬼才,探险家,星界游神
铁铠冥魂,狂战士,英勇投弹手,赏金猎人,深海泰坦,齐天大圣,法外狂徒,离群之刺,探险家,曙光女神
暗裔剑魔,巨魔之王,皎月女神,赏金猎人,深海泰坦,山隐之焰,盲僧,发条魔灵,残月之肃,弗雷尔卓德之心
齐天大圣,德玛西亚皇子,皎月女神,复仇之矛,深海泰坦,山隐之焰,盲僧,诡术妖姬,探险家,瓦洛兰之盾
荒漠屠夫,巨魔之王,魔蛇之拥,探险家,曙光女神,未来守护者,法外狂徒,天启者,残月之肃,魂锁典狱长
荒漠屠夫,雪原双子,元素女皇,复仇之矛,曙光女神,山隐之焰,法外狂徒,暗黑元首,探险家,深海泰坦
山隐之焰,盲僧,暮光星灵,残月之肃,仙灵女巫,海洋之灾,德玛西亚皇子,发条魔灵,探险家,魔法猫咪
正义天使,狂战士,解脱者,探险家,魔法猫咪,山隐之焰,法外狂徒,卡牌大师,残月之肃,魂锁典狱长
铁铠冥魂,狂野女猎手,荒漠屠夫,复仇之矛,魂锁典狱长,齐天大圣,岩雀,不屈之枪,逆羽,深海泰坦
荒漠屠夫,盲僧,正义巨像,残月之肃,魂锁典狱长,山隐之焰,巨魔之王,诡术妖姬,探险家,曙光女神
荒漠屠夫,巨魔之王,时间刺客,探险家,魂锁典狱长,暗裔剑魔,盲僧,沙漠皇帝,虚空之女,深海泰坦
扭曲树精,永猎双子,仙灵女巫,残月之肃,腕豪,齐天大圣,巨魔之王,虚空先知,惩戒之箭,深海泰坦
山隐之焰,法外狂徒,发条魔灵,虚空之女,曙光女神,荒漠屠夫,狂野女猎手,冰霜女巫,残月之肃,深海泰坦
齐天大圣,法外狂徒,卡牌大师,残月之肃,星界游神,荒漠屠夫,德玛西亚皇子,暮光星灵,探险家,魔法猫咪
山隐之焰,盲僧,正义巨像,残月之肃,河流之王,亡灵战神,酒桶,未来守护者,复仇之矛,魂锁典狱长
暗裔剑魔,狂野女猎手,未来守护者,复仇之矛,深海泰坦,荒漠屠夫,巨魔之王,离群之刺,残月之肃,魂锁典狱长
铁铠冥魂,巨魔之王,猩红收割者,残月之肃,魂锁典狱长,齐天大圣,蜘蛛女皇,疾风剑豪,虚空之女,蒸汽机器人
齐天大圣,时间刺客,腕豪,皮城女警,堕落天使,战争之影,狂野女猎手,不屈之枪,惩戒之箭,天启者
海洋之灾,酒桶,发条魔灵,惩戒之箭,河流之王,猩红收割者,狂战士,暗黑元首,战争女神,魂锁典狱长
山隐之焰,德玛西亚皇子,沙漠皇帝,探险家,曙光女神,远古恐惧,巨魔之王,卡牌大师,残月之肃,魂锁典狱长
熔岩巨兽,法外狂徒,发条魔灵,残月之肃,腕豪,荒漠屠夫,德玛西亚皇子,沙漠皇帝,复仇之矛,瓦洛兰之盾
暗裔剑魔,狂战士,冰霜女巫,虚空之女,不屈之枪,齐天大圣,法外狂徒,卡牌大师,探险家,魔法猫咪
荒漠屠夫,法外狂徒,诡术妖姬,残月之肃,星界游神,山隐之焰,盲僧,冰霜女巫,探险家,腕豪
荒漠屠夫,法外狂徒,诡术妖姬,荣耀行刑官,深海泰坦,齐天大圣,狂野女猎手,暮光星灵,戏命师,弗雷尔卓德之心
雷霆咆哮,狂战士,沙漠皇帝,残月之肃,腕豪,山隐之焰,虚空遁地兽,英勇投弹手,复仇之矛,魂锁典狱长
山隐之焰,法外狂徒,天启者,探险家,深海泰坦,暗裔剑魔,盲僧,卡牌大师,残月之肃,曙光女神
荒漠屠夫,法外狂徒,正义巨像,赏金猎人,深海泰坦,齐天大圣,盲僧,暗黑元首,探险家,曙光女神
青钢影,狂野女猎手,卡牌大师,复仇之矛,蒸汽机器人,铁铠冥魂,巨魔之王,暗黑元首,残月之肃,魂锁典狱长
暗裔剑魔,狂野女猎手,发条魔灵,涤魂圣枪,扭曲树精,齐天大圣,巨魔之王,沙漠皇帝,残月之肃,天启者
无双剑姬,盲僧,暗黑元首,虚空之女,魂锁典狱长,雷霆咆哮,德玛西亚皇子,正义巨像,探险家,深海泰坦
铁铠冥魂,法外狂徒,永恒梦魇,赏金猎人,曙光女神,未来守护者,巨魔之王,冰霜女巫,探险家,深海泰坦
山隐之焰,巨魔之王,疾风剑豪,虚空之女,腕豪,铁铠冥魂,永猎双子,天启者,探险家,弗雷尔卓德之心
荒漠屠夫,解脱者,暗黑元首,探险家,魔法猫咪,未来守护者,时间刺客,暗裔剑魔,复仇之矛,深海泰坦
暴怒骑士,巨魔之王,解脱者,寒冰射手,腕豪,齐天大圣,盲僧,诡术妖姬,残月之肃,弗雷尔卓德之心
齐天大圣,狂战士,暮光星灵,赏金猎人,魔法猫咪,山隐之焰,巨魔之王,诡术妖姬,残月之肃,深海泰坦
荒漠屠夫,盲僧,诡术妖姬,复仇之矛,瓦洛兰之盾,铁铠冥魂,巨魔之王,暗黑元首,寒冰射手,河流之王
山隐之焰,虚空遁地兽,时间刺客,虚空之女,深海泰坦,齐天大圣,盲僧,离群之刺,残月之肃,弗雷尔卓德之心
未来守护者,巨魔之王,暗黑元首,惩戒之箭,堕落天使,荒漠屠夫,盲僧,时间刺客,残月之肃,深海泰坦
铁铠冥魂,巨魔之王,卡牌大师,赏金猎人,深海泰坦,山隐之焰,法外狂徒,圣枪游侠,暗黑元首,魂锁典狱长
铁铠冥魂,法外狂徒,机械公敌,残月之肃,曙光女神,齐天大圣,狂野女猎手,解脱者,战争女神,天启者
未来守护者,法外狂徒,正义巨像,虚空之女,腕豪,荒漠屠夫,巨魔之王,万花通灵,探险家,魔法猫咪
扭曲树精,盲僧,正义巨像,残月之肃,腕豪,海洋之灾,巨魔之王,英勇投弹手,探险家,魂锁典狱长
齐天大圣,死亡颂唱者,正义巨像,赏金猎人,魂锁典狱长,山隐之焰,巨魔之王,永恒梦魇,残月之肃,深海泰坦
青钢影,巨魔之王,诡术妖姬,寒冰射手,星界游神,暗裔剑魔,永猎双子,天启者,残月之肃,蒸汽机器人
铁铠冥魂,德玛西亚皇子,离群之刺,残月之肃,腕豪,诺克萨斯之手,盲僧,暗黑元首,暴走萝莉,魂锁典狱长
暴怒骑士,巨魔之王,冰霜女巫,惩戒之箭,河流之王,海洋之灾,盲僧,解脱者,探险家,魂锁典狱长
齐天大圣,盲僧,沙漠皇帝,赏金猎人,魂锁典狱长,扭曲树精,巨魔之王,解脱者,虚空之女,深海泰坦
山隐之焰,巨魔之王,卡牌大师,赏金猎人,深海泰坦,铁铠冥魂,法外狂徒,未来守护者,暗黑元首,魂锁典狱长
齐天大圣,法外狂徒,正义巨像,残月之肃,曙光女神,熔岩巨兽,巨魔之王,暗黑元首,复仇之矛,魂锁典狱长
未来守护者,德玛西亚皇子,正义巨像,残月之肃,瓦洛兰之盾,暗裔剑魔,巨魔之王,英勇投弹手,虚空之女,深海泰坦
武器大师,狂野女猎手,时光守护者,圣枪游侠,魔法猫咪,齐天大圣,时间刺客,腕豪,探险家,魂锁典狱长
武器大师,盲僧,天启者,探险家,河流之王,齐天大圣,巨魔之王,沙漠皇帝,残月之肃,深海泰坦
荒漠屠夫,酒桶,未来守护者,复仇之矛,腕豪,暗裔剑魔,虚空遁地兽,天启者,寒冰射手,弗雷尔卓德之心
齐天大圣,巨魔之王,沙漠皇帝,虚空之女,深海泰坦,铁铠冥魂,盲僧,发条魔灵,探险家,魔法猫咪
暗裔剑魔,虚空遁地兽,诡术妖姬,残月之肃,腕豪,荒漠屠夫,盲僧,暮光星灵,虚空之女,天启者
荒漠屠夫,巨魔之王,暗黑元首,残月之肃,魂锁典狱长,海洋之灾,德玛西亚皇子,暮光星灵,赏金猎人,深海泰坦
铁铠冥魂,盲僧,解脱者,探险家,河流之王,青钢影,巨魔之王,正义巨像,虚空之女,深海泰坦
山隐之焰,盲僧,暮光星灵,残月之肃,弗雷尔卓德之心,圣锤之毅,狂野女猎手,卡牌大师,探险家,深海泰坦
战争之影,巨魔之王,沙漠皇帝,残月之肃,深海泰坦,齐天大圣,法外狂徒,时间刺客,探险家,腕豪
山隐之焰,巨魔之王,沙漠皇帝,涤魂圣枪,腕豪,齐天大圣,法外狂徒,虚空行者,残月之肃,魂锁典狱长
腕豪,狂野女猎手,暗黑元首,残月之肃,仙灵女巫,暗裔剑魔,法外狂徒,发条魔灵,探险家,魔法猫咪
暗裔剑魔,盲僧,正义巨像,惩戒之箭,弗雷尔卓德之心,未来守护者,虚空遁地兽,暗黑元首,荣耀行刑官,深海泰坦
山隐之焰,盲僧,天启者,寒冰射手,弗雷尔卓德之心,荒漠屠夫,虚空遁地兽,发条魔灵,残月之肃,蒸汽机器人
海洋之灾,法外狂徒,天启者,惩戒之箭,腕豪,荒漠屠夫,巨魔之王,发条魔灵,战争女神,魔法猫咪
齐天大圣,时间刺客,不屈之枪,残月之肃,弗雷尔卓德之心,武器大师,巨魔之王,诡术妖姬,惩戒之箭,深海泰坦
暗裔剑魔,巨魔之王,远古恐惧,惩戒之箭,曙光女神,山隐之焰,狂野女猎手,暗黑元首,荣耀行刑官,深海泰坦
暗裔剑魔,酒桶,未来守护者,寒冰射手,堕落天使,山隐之焰,法外狂徒,英勇投弹手,涤魂圣枪,深海泰坦
青钢影,狂战士,诡术妖姬,复仇之矛,深海泰坦,暗裔剑魔,法外狂徒,天启者,皮城女警,堕落天使
山隐之焰,腕豪,天启者,逆羽,幻翎,正义天使,法外狂徒,正义巨像,寒冰射手,河流之王
荒漠屠夫,法外狂徒,天启者,虚空之女,腕豪,未来守护者,虚空遁地兽,暗黑元首,探险家,弗雷尔卓德之心
山隐之焰,巨魔之王,英勇投弹手,残月之肃,魂锁典狱长,铁铠冥魂,时间刺客,腕豪,探险家,蒸汽机器人
山隐之焰,狂战士,机械公敌,残月之肃,魂锁典狱长,暗裔剑魔,法外狂徒,暗黑元首,寒冰射手,腕豪
暗裔剑魔,狂野女猎手,暗黑元首,探险家,不屈之枪,无双剑姬,巨魔之王,正义巨像,惩戒之箭,星界游神
未来守护者,狂野女猎手,卡牌大师,残月之肃,魂锁典狱长,荒漠屠夫,法外狂徒,虚空行者,探险家,星界游神
山隐之焰,巨魔之王,暮光星灵,残月之肃,魔法猫咪,暗裔剑魔,盲僧,暗黑元首,逆羽,魂锁典狱长
铁铠冥魂,盲僧,暗裔剑魔,惩戒之箭,魂锁典狱长,荒漠屠夫,巨魔之王,正义巨像,战争女神,深海泰坦
海洋之灾,狂野女猎手,青钢影,虚空之女,腕豪,荒漠屠夫,巨魔之王,发条魔灵,惩戒之箭,魂锁典狱长
暗裔剑魔,盲僧,远古恐惧,寒冰射手,星界游神,未来守护者,巨魔之王,诡术妖姬,残月之肃,魂锁典狱长
山隐之焰,永猎双子,暮光星灵,残月之肃,魔法猫咪,暗裔剑魔,法外狂徒,发条魔灵,寒冰射手,魂锁典狱长
山隐之焰,盲僧,暮光星灵,探险家,曙光女神,荒漠屠夫,蜘蛛女皇,未来守护者,暗夜猎手,魔法猫咪
龙血武姬,永恒梦魇,发条魔灵,残月之肃,天启者,齐天大圣,巨魔之王,暗黑元首,探险家,腕豪
未来守护者,狂战士,卡牌大师,暗黑元首,蒸汽机器人,山隐之焰,巨魔之王,英勇投弹手,复仇之矛,魂锁典狱长
正义天使,巨魔之王,诡术妖姬,探险家,曙光女神,山隐之焰,虚空遁地兽,虚空行者,残月之肃,正义巨像
暗裔剑魔,腕豪,天启者,寒冰射手,血港鬼影,未来守护者,巨魔之王,暮光星灵,探险家,魂锁典狱长
暗裔剑魔,狂野女猎手,沙漠皇帝,惩戒之箭,时光守护者,未来守护者,巨魔之王,英勇投弹手,扭曲树精,涤魂圣枪
齐天大圣,虚空遁地兽,正义巨像,残月之肃,魂锁典狱长,解脱者,巨魔之王,暗黑元首,寒冰射手,深海泰坦
山隐之焰,法外狂徒,正义巨像,残月之肃,星界游神,暗裔剑魔,德玛西亚皇子,英勇投弹手,探险家,魔法猫咪
铁铠冥魂,法外狂徒,天启者,探险家,曙光女神,暗裔剑魔,巨魔之王,诡术妖姬,残月之肃,魂锁典狱长
狂暴之心,狂战士,沙漠皇帝,探险家,深海泰坦,荒漠屠夫,巨魔之王,暗黑元首,战争女神,曙光女神
虚空恐惧,法外狂徒,时间刺客,残月之肃,弗雷尔卓德之心,暗裔剑魔,虚空遁地兽,沙漠皇帝,复仇之矛,瓦洛兰之盾
荒漠屠夫,法外狂徒,暮光星灵,爆破鬼才,河流之王,刀锋舞者,狂野女猎手,发条魔灵,残月之肃,天启者
青钢影,巨魔之王,沙漠皇帝,涤魂圣枪,齐天大圣,未来守护者,时间刺客,腕豪,探险家,曙光女神
山隐之焰,法外狂徒,暮光星灵,惩戒之箭,众星之子,暗裔剑魔,腕豪,沙漠皇帝,残月之肃,天启者
扭曲树精,狂野女猎手,荒漠屠夫,残月之肃,魂锁典狱长,傲之追猎者,法外狂徒,暗黑元首,惩戒之箭,弗雷尔卓德之心
荒漠屠夫,虚空遁地兽,暗黑元首,复仇之矛,腕豪,齐天大圣,盲僧,卡牌大师,残月之肃,魂锁典狱长
猩红收割者,盲僧,卡牌大师,探险家,曙光女神,山隐之焰,永猎双子,沙漠皇帝,残月之肃,弗雷尔卓德之心
腕豪,盲僧,暗黑元首,残月之肃,天启者,齐天大圣,虚空遁地兽,暮光星灵,寒冰射手,弗雷尔卓德之心
齐天大圣,盲僧,解脱者,探险家,深海泰坦,山隐之焰,法外狂徒,暮光星灵,寒冰射手,魂锁典狱长
荒漠屠夫,巨魔之王,正义巨像,战争女神,魂锁典狱长,狂暴之心,狂野女猎手,元素女皇,惩戒之箭,星界游神
铁铠冥魂,法外狂徒,元素女皇,暗黑元首,深海泰坦,暗裔剑魔,狂野女猎手,正义巨像,复仇之矛,魂锁典狱长
荒漠屠夫,狂野女猎手,疾风剑豪,皮城女警,堕落天使,暗裔剑魔,时间刺客,不屈之枪,寒冰射手,河流之王
暗裔剑魔,法外狂徒,卡牌大师,复仇之矛,瓦洛兰之盾,山隐之焰,狂战士,天启者,残月之肃,河流之王
山隐之焰,巨魔之王,发条魔灵,残月之肃,魂锁典狱长,铁铠冥魂,法外狂徒,魔蛇之拥,战争女神,天启者
铁铠冥魂,时间刺客,暗裔剑魔,残月之肃,魂锁典狱长,山隐之焰,法外狂徒,正义巨像,探险家,腕豪
齐天大圣,狂野女猎手,符文法师,复仇之矛,瓦洛兰之盾,山隐之焰,法外狂徒,机械先驱,涤魂圣枪,腕豪
武器大师,时间刺客,腕豪,残月之肃,魂锁典狱长,未来守护者,法外狂徒,齐天大圣,邪恶小法师,星界游神
山隐之焰,盲僧,虚空行者,探险家,魔法猫咪,青钢影,法外狂徒,正义巨像,寒冰射手,深海泰坦
铁铠冥魂,巨魔之王,发条魔灵,惩戒之箭,时光守护者,山隐之焰,狂战士,圣枪游侠,探险家,魔法猫咪
青钢影,盲僧,时间刺客,残月之肃,星界游神,未来守护者,巨魔之王,虚空行者,暗黑元首,魂锁典狱长
齐天大圣,死亡颂唱者,正义巨像,皮城女警,堕落天使,荒漠屠夫,永猎双子,天启者,探险家,魔法猫咪
海洋之灾,盲僧,暮光星灵,探险家,魂锁典狱长,正义天使,巨魔之王,沙漠皇帝,残月之肃,弗雷尔卓德之心
山隐之焰,法外狂徒,暗黑元首,残月之肃,曙光女神,暗裔剑魔,巨魔之王,解脱者,探险家,魔法猫咪
荒漠屠夫,狂野女猎手,发条魔灵,残月之肃,魂锁典狱长,暗裔剑魔,法外狂徒,万花通灵,惩戒之箭,弗雷尔卓德之心
齐天大圣,永猎双子,暗黑元首,寒冰射手,瓦洛兰之盾,诺克萨斯之手,狂战士,天启者,残月之肃,腕豪
扭曲树精,盲僧,沙漠皇帝,残月之肃,魂锁典狱长,山隐之焰,虚空遁地兽,机械先驱,探险家,魔法猫咪
山隐之焰,虚空遁地兽,离群之刺,探险家,魔法猫咪,正义天使,盲僧,沙漠皇帝,残月之肃,魂锁典狱长
山隐之焰,法外狂徒,暗黑元首,探险家,弗雷尔卓德之心,暗裔剑魔,狂战士,天启者,残月之肃,正义巨像
腕豪,巨魔之王,深海泰坦,虚空之女,魔法猫咪,海洋之灾,盲僧,暗黑元首,探险家,星界游神
铁铠冥魂,盲僧,发条魔灵,探险家,曙光女神,齐天大圣,巨魔之王,诡术妖姬,残月之肃,深海泰坦
山隐之焰,法外狂徒,卡牌大师,探险家,魔法猫咪,正义天使,巨魔之王,远古恐惧,残月之肃,魂锁典狱长
正义天使,虚空遁地兽,卡牌大师,复仇之矛,深海泰坦,山隐之焰,狂战士,英勇投弹手,残月之肃,河流之王
齐天大圣,巨魔之王,解脱者,虚空之女,深海泰坦,山隐之焰,盲僧,暮光星灵,戏命师,魂锁典狱长
狂暴之心,狂野女猎手,圣枪游侠,涤魂圣枪,腕豪,解脱者,巨魔之王,暮光星灵,寒冰射手,河流之王
暗裔剑魔,盲僧,沙漠皇帝,残月之肃,魂锁典狱长,未来守护者,狂战士,诡术妖姬,探险家,魔法猫咪
齐天大圣,法外狂徒,时间刺客,众星之子,曙光女神,熔岩巨兽,腕豪,发条魔灵,探险家,魂锁典狱长
未来守护者,巨魔之王,时间刺客,赏金猎人,腕豪,荒漠屠夫,永猎双子,暮光星灵,虚空之女,魂锁典狱长
荒漠屠夫,盲僧,暮光星灵,探险家,星界游神,山隐之焰,巨魔之王,暗黑元首,虚空之女,腕豪
齐天大圣,德玛西亚皇子,离群之刺,探险家,河流之王,荒漠屠夫,狂野女猎手,机械公敌,战争女神,深海泰坦
暗裔剑魔,狂战士,沙漠皇帝,复仇之矛,魂锁典狱长,山隐之焰,法外狂徒,卡牌大师,探险家,蒸汽机器人
齐天大圣,狂野女猎手,不屈之枪,惩戒之箭,深海泰坦,荒漠屠夫,盲僧,发条魔灵,复仇之矛,正义巨像
山隐之焰,盲僧,暗黑元首,探险家,魔法猫咪,青钢影,巨魔之王,暮光星灵,残月之肃,星界游神
圣锤之毅,法外狂徒,暗黑元首,复仇之矛,弗雷尔卓德之心,山隐之焰,时间刺客,不屈之枪,赏金猎人,深海泰坦
山隐之焰,巨魔之王,沙漠皇帝,残月之肃,曙光女神,雷霆咆哮,盲僧,远古恐惧,暗黑元首,深海泰坦
山隐之焰,时间刺客,永恒梦魇,复仇之矛,深海泰坦,腕豪,永猎双子,冰霜女巫,探险家,星界游神
山隐之焰,巨魔之王,机械公敌,残月之肃,魂锁典狱长,解脱者,法外狂徒,发条魔灵,探险家,深海泰坦
未来守护者,狂战士,天启者,探险家,魔法猫咪,雷霆咆哮,盲僧,虚空行者,残月之肃,仙灵女巫
暗裔剑魔,巨魔之王,正义巨像,探险家,腕豪,荒漠屠夫,法外狂徒,暮光星灵,残月之肃,深海泰坦
齐天大圣,狂战士,卡牌大师,探险家,深海泰坦,山隐之焰,法外狂徒,沙漠皇帝,残月之肃,魂锁典狱长
雷霆咆哮,腕豪,卡牌大师,残月之肃,仙灵女巫,暗裔剑魔,法外狂徒,诡术妖姬,复仇之矛,星界游神
暗裔剑魔,德玛西亚皇子,沙漠皇帝,暗黑元首,深海泰坦,山隐之焰,盲僧,虚空行者,残月之肃,河流之王
铁铠冥魂,巨魔之王,卡牌大师,残月之肃,深海泰坦,暗裔剑魔,德玛西亚皇子,沙漠皇帝,探险家,天启者
铁铠冥魂,法外狂徒,诡术妖姬,涤魂圣枪,河流之王,荒漠屠夫,巨魔之王,暗黑元首,复仇之矛,天启者
山隐之焰,巨魔之王,潮汐海灵,残月之肃,牛头酋长,荒漠屠夫,狂野女猎手,元素女皇,复仇之矛,正义巨像
齐天大圣,狂战士,暗黑元首,探险家,河流之王,山隐之焰,永猎双子,沙漠皇帝,残月之肃,魂锁典狱长
扭曲树精,时间刺客,圣枪游侠,战争女神,魔法猫咪,山隐之焰,法外狂徒,不屈之枪,暗黑元首,星界游神
齐天大圣,德玛西亚皇子,解脱者,寒冰射手,弗雷尔卓德之心,荒漠屠夫,盲僧,机械公敌,虚空之女,深海泰坦
暗裔剑魔,巨魔之王,发条魔灵,探险家,魔法猫咪,荒漠屠夫,齐天大圣,正义巨像,瘟疫之源,天启者
山隐之焰,法外狂徒,天启者,虚空之女,弗雷尔卓德之心,铁铠冥魂,盲僧,诡术妖姬,寒冰射手,腕豪
雷霆咆哮,巨魔之王,卡牌大师,赏金猎人,深海泰坦,齐天大圣,法外狂徒,发条魔灵,残月之肃,弗雷尔卓德之心
荒漠屠夫,盲僧,皎月女神,探险家,曙光女神,齐天大圣,巨魔之王,卡牌大师,虚空之女,腕豪
德玛西亚之翼,狂战士,天启者,残月之肃,深海泰坦,荒漠屠夫,狂野女猎手,沙漠皇帝,寒冰射手,曙光女神
荒漠屠夫,盲僧,卡牌大师,残月之肃,深海泰坦,铁铠冥魂,巨魔之王,天启者,探险家,弗雷尔卓德之心
铁铠冥魂,狂战士,仙灵女巫,虚空之女,腕豪,复仇之矛,盲僧,卡牌大师,寒冰射手,曙光女神
不屈之枪,盲僧,发条魔灵,残月之肃,魂锁典狱长,熔岩巨兽,巨魔之王,沙漠皇帝,探险家,魔法猫咪
未来守护者,虚空遁地兽,发条魔灵,残月之肃,魂锁典狱长,山隐之焰,盲僧,沙漠皇帝,探险家,曙光女神
山隐之焰,法外狂徒,刀锋之影,寒冰射手,弗雷尔卓德之心,荒漠屠夫,永猎双子,诡术妖姬,复仇之矛,腕豪
海洋之灾,巨魔之王,英勇投弹手,涤魂圣枪,齐天大圣,荒漠屠夫,永猎双子,沙漠皇帝,复仇之矛,酒桶
暗裔剑魔,法外狂徒,天启者,残月之肃,曙光女神,山隐之焰,巨魔之王,英勇投弹手,复仇之矛,魂锁典狱长
齐天大圣,解脱者,腕豪,残月之肃,幻翎,铁铠冥魂,法外狂徒,英勇投弹手,虚空之女,弗雷尔卓德之心
暗裔剑魔,盲僧,诡术妖姬,寒冰射手,曙光女神,青钢影,蜘蛛女皇,暮光星灵,复仇之矛,深海泰坦
暗裔剑魔,酒桶,天启者,复仇之矛,瓦洛兰之盾,齐天大圣,巨魔之王,魔蛇之拥,涤魂圣枪,深海泰坦
荒漠屠夫,法外狂徒,天启者,复仇之矛,深海泰坦,迷失之牙,盲僧,元素女皇,虚空之女,圣锤之毅
山隐之焰,永猎双子,天启者,残月之肃,深海泰坦,齐天大圣,巨魔之王,暮光星灵,探险家,弗雷尔卓德之心
正义天使,狂战士,正义巨像,残月之肃,深海泰坦,山隐之焰,法外狂徒,诡术妖姬,复仇之矛,弗雷尔卓德之心
腕豪,盲僧,暗黑元首,寒冰射手,深海泰坦,暗裔剑魔,巨魔之王,沙漠皇帝,探险家,魂锁典狱长
山隐之焰,法外狂徒,暗黑元首,虚空之女,星界游神,荒漠屠夫,狂野女猎手,皎月女神,探险家,魔法猫咪
荒漠屠夫,盲僧,天启者,残月之肃,幻翎,山隐之焰,巨魔之王,暮光星灵,探险家,魂锁典狱长
山隐之焰,巨魔之王,时间刺客,虚空之女,深海泰坦,暗裔剑魔,德玛西亚皇子,诡术妖姬,探险家,腕豪
德玛西亚之翼,盲僧,卡牌大师,残月之肃,魂锁典狱长,荒漠屠夫,虚空遁地兽,暮光星灵,探险家,腕豪
荒漠屠夫,巨魔之王,远古恐惧,残月之肃,深海泰坦,机械公敌,德玛西亚皇子,发条魔灵,复仇之矛,魂锁典狱长
铁铠冥魂,巨魔之王,不屈之枪,残月之肃,天启者,荒漠屠夫,德玛西亚皇子,沙漠皇帝,探险家,魔法猫咪
正义天使,法外狂徒,暗黑元首,探险家,魔法猫咪,扭曲树精,齐天大圣,岩雀,皮城女警,涤魂圣枪
齐天大圣,岩雀,腕豪,寒冰射手,深海泰坦,荒漠屠夫,德玛西亚皇子,沙漠皇帝,探险家,魂锁典狱长
齐天大圣,巨魔之王,卡牌大师,探险家,仙灵女巫,熔岩巨兽,法外狂徒,沙漠皇帝,残月之肃,星界游神
狂暴之心,虚空遁地兽,暗黑元首,探险家,星界游神,万花通灵,盲僧,暮光星灵,残月之肃,时光守护者
圣锤之毅,巨魔之王,时间刺客,虚空之女,深海泰坦,山隐之焰,法外狂徒,诡术妖姬,探险家,弗雷尔卓德之心
山隐之焰,时间刺客,冰霜女巫,残月之肃,曙光女神,铁铠冥魂,法外狂徒,诡术妖姬,复仇之矛,深海泰坦
齐天大圣,盲僧,冰霜女巫,探险家,曙光女神,荒漠屠夫,巨魔之王,诡术妖姬,残月之肃,魂锁典狱长
铁铠冥魂,法外狂徒,山隐之焰,寒冰射手,魔法猫咪,腕豪,盲僧,时间刺客,探险家,涤魂圣枪
正义天使,法外狂徒,暮光星灵,涤魂圣枪,不屈之枪,山隐之焰,德玛西亚皇子,发条魔灵,复仇之矛,瓦洛兰之盾
熔岩巨兽,法外狂徒,暮光星灵,赏金猎人,曙光女神,齐天大圣,狂野女猎手,天启者,残月之肃,魂锁典狱长
荒漠屠夫,盲僧,暗黑元首,探险家,魔法猫咪,齐天大圣,巨魔之王,虚空行者,残月之肃,仙灵女巫
山隐之焰,法外狂徒,正义巨像,复仇之矛,蒸汽机器人,暗裔剑魔,狂野女猎手,暮光星灵,残月之肃,魂锁典狱长
荒漠屠夫,巨魔之王,暮光星灵,残月之肃,魂锁典狱长,扭曲树精,齐天大圣,沙漠皇帝,复仇之矛,腕豪
暗裔剑魔,狂野女猎手,卡牌大师,残月之肃,深海泰坦,山隐之焰,巨魔之王,发条魔灵,赏金猎人,魔法猫咪
暗裔剑魔,虚空遁地兽,暮光星灵,残月之肃,腕豪,狂战士,死亡颂唱者,不屈之枪,惩戒之箭,深海泰坦
齐天大圣,盲僧,发条魔灵,复仇之矛,蒸汽机器人,铁铠冥魂,虚空遁地兽,暮光星灵,惩戒之箭,河流之王
未来守护者,巨魔之王,卡牌大师,涤魂圣枪,亡灵战神,青钢影,永猎双子,正义巨像,寒冰射手,天启者
铁铠冥魂,盲僧,荒漠屠夫,残月之肃,风暴之怒,诺克萨斯之手,法外狂徒,正义巨像,探险家,深海泰坦
铁铠冥魂,虚空遁地兽,暮光星灵,战争女神,腕豪,武器大师,狂野女猎手,山隐之焰,探险家,天启者
山隐之焰,水晶先锋,沙漠皇帝,探险家,魔法猫咪,扭曲树精,法外狂徒,暮光星灵,残月之肃,仙灵女巫
荒漠屠夫,德玛西亚皇子,诡术妖姬,寒冰射手,星界游神,未来守护者,虚空遁地兽,暗黑元首,虚空之女,腕豪
山隐之焰,盲僧,发条魔灵,复仇之矛,深海泰坦,雷霆咆哮,法外狂徒,卡牌大师,残月之肃,魂锁典狱长
圣锤之毅,法外狂徒,冰霜女巫,寒冰射手,深海泰坦,荒漠屠夫,虚空遁地兽,诡术妖姬,探险家,魂锁典狱长
暗裔剑魔,酒桶,发条魔灵,赏金猎人,深海泰坦,山隐之焰,腕豪,沙漠皇帝,探险家,魂锁典狱长
山隐之焰,盲僧,皎月女神,探险家,曙光女神,解脱者,狂战士,暗黑元首,残月之肃,魂锁典狱长
山隐之焰,巨魔之王,英勇投弹手,残月之肃,仙灵女巫,正义天使,酒桶,疾风剑豪,探险家,魔法猫咪
战争之影,巨魔之王,时间刺客,虚空之女,深海泰坦,齐天大圣,德玛西亚皇子,暗黑元首,残月之肃,星界游神
铁铠冥魂,巨魔之王,疾风剑豪,探险家,弗雷尔卓德之心,齐天大圣,盲僧,暗黑元首,残月之肃,幻翎
铁铠冥魂,盲僧,暮光星灵,复仇之矛,曙光女神,荒漠屠夫,狂野女猎手,元素女皇,残月之肃,弗雷尔卓德之心
海洋之灾,腕豪,暮光星灵,复仇之矛,深海泰坦,虚空恐惧,盲僧,卡牌大师,探险家,弗雷尔卓德之心
山隐之焰,法外狂徒,时间刺客,探险家,天启者,青钢影,腕豪,沙漠皇帝,复仇之矛,深海泰坦
山隐之焰,狂战士,暮光星灵,探险家,深海泰坦,暗裔剑魔,永猎双子,英勇投弹手,残月之肃,魔法猫咪
无畏战车,狂野女猎手,暮光星灵,残月之肃,深海泰坦,暗裔剑魔,盲僧,天启者,探险家,曙光女神
山隐之焰,盲僧,正义巨像,虚空之女,深海泰坦,腕豪,巨魔之王,暗黑元首,寒冰射手,魂锁典狱长
山隐之焰,德玛西亚皇子,正义巨像,探险家,深海泰坦,解脱者,虚空遁地兽,暗黑元首,残月之肃,魂锁典狱长
荒漠屠夫,盲僧,天启者,残月之肃,仙灵女巫,万花通灵,狂野女猎手,疾风剑豪,探险家,深海泰坦
熔岩巨兽,法外狂徒,天启者,探险家,弗雷尔卓德之心,齐天大圣,德玛西亚皇子,英勇投弹手,残月之肃,魂锁典狱长
齐天大圣,盲僧,卡牌大师,探险家,星界游神,熔岩巨兽,巨魔之王,沙漠皇帝,寒冰射手,魂锁典狱长
山隐之焰,盲僧,爆破鬼才,探险家,星界游神,正义天使,法外狂徒,卡牌大师,残月之肃,深海泰坦
亡灵战神,狂战士,暗黑元首,探险家,天启者,海洋之灾,狂野女猎手,卡牌大师,残月之肃,仙灵女巫
荒漠屠夫,死亡颂唱者,血港鬼影,战争女神,魔法猫咪,齐天大圣,时间刺客,不屈之枪,虚空之女,曙光女神
暗裔剑魔,法外狂徒,天启者,探险家,魔法猫咪,山隐之焰,蜘蛛女皇,刀锋舞者,虚空之女,深海泰坦
解脱者,法外狂徒,正义巨像,寒冰射手,弗雷尔卓德之心,狂暴之心,狂战士,卡牌大师,复仇之矛,牛头酋长
海洋之灾,法外狂徒,荣耀行刑官,暗黑元首,魂锁典狱长,荒漠屠夫,巨魔之王,发条魔灵,残月之肃,深海泰坦
荒漠屠夫,法外狂徒,冰霜女巫,残月之肃,曙光女神,铁铠冥魂,巨魔之王,诡术妖姬,赏金猎人,深海泰坦
齐天大圣,盲僧,暗黑元首,探险家,深海泰坦,荒漠屠夫,法外狂徒,卡牌大师,寒冰射手,曙光女神
解脱者,法外狂徒,荣耀行刑官,圣枪游侠,魂锁典狱长,武器大师,巨魔之王,发条魔灵,寒冰射手,河流之王
铁铠冥魂,永猎双子,解脱者,复仇之矛,瓦洛兰之盾,海洋之灾,法外狂徒,沙漠皇帝,寒冰射手,魂锁典狱长
山隐之焰,盲僧,诡术妖姬,复仇之矛,魂锁典狱长,暗裔剑魔,雷霆咆哮,暮光星灵,寒冰射手,深海泰坦
齐天大圣,虚空遁地兽,诡术妖姬,残月之肃,魂锁典狱长,解脱者,法外狂徒,天启者,探险家,魔法猫咪
铁铠冥魂,盲僧,离群之刺,残月之肃,深海泰坦,齐天大圣,狂野女猎手,腕豪,逆羽,曙光女神
暗裔剑魔,雷霆咆哮,时间刺客,戏命师,曙光女神,荒漠屠夫,盲僧,暗黑元首,寒冰射手,魂锁典狱长
齐天大圣,盲僧,英勇投弹手,残月之肃,星界游神,雷霆咆哮,腕豪,暮光星灵,复仇之矛,蒸汽机器人
腕豪,德玛西亚皇子,沙漠皇帝,寒冰射手,天启者,未来守护者,巨魔之王,英勇投弹手,疾风剑豪,涤魂圣枪
山隐之焰,盲僧,不祥之刃,探险家,魔法猫咪,齐天大圣,法外狂徒,复仇之矛,魔蛇之拥,深海泰坦
铁铠冥魂,巨魔之王,机械先驱,探险家,弗雷尔卓德之心,未来守护者,狂战士,沙漠皇帝,赏金猎人,深海泰坦
齐天大圣,巨魔之王,暮光星灵,探险家,不屈之枪,荒漠屠夫,盲僧,天启者,残月之肃,暮光之眼
山隐之焰,法外狂徒,英勇投弹手,残月之肃,魂锁典狱长,青钢影,盲僧,正义巨像,探险家,魔法猫咪
铁铠冥魂,永猎双子,卡牌大师,荣耀行刑官,魂锁典狱长,离群之刺,巨魔之王,暮光星灵,探险家,魔法猫咪
正义天使,德玛西亚皇子,发条魔灵,残月之肃,深海泰坦,腕豪,法外狂徒,机械公敌,虚空之女,曙光女神
铁铠冥魂,巨魔之王,卡牌大师,残月之肃,星界游神,雷霆咆哮,法外狂徒,正义巨像,探险家,天启者
正义天使,巨魔之王,正义巨像,探险家,天启者,山隐之焰,雷霆咆哮,猩红收割者,寒冰射手,魂锁典狱长
暗裔剑魔,盲僧,正义巨像,探险家,魔法猫咪,荒漠屠夫,狂战士,诡术妖姬,战争女神,天启者
山隐之焰,巨魔之王,发条魔灵,探险家,深海泰坦,荒漠屠夫,永猎双子,天启者,残月之肃,瓦洛兰之盾
荒漠屠夫,法外狂徒,天启者,虚空之女,星界游神,山隐之焰,盲僧,卡牌大师,寒冰射手,魂锁典狱长
齐天大圣,盲僧,暗黑元首,惩戒之箭,深海泰坦,天启者,狂野女猎手,圣枪游侠,岩雀,不屈之枪
齐天大圣,法外狂徒,正义巨像,探险家,曙光女神,荒漠屠夫,巨魔之王,暗黑元首,寒冰射手,星界游神
山隐之焰,法外狂徒,冰霜女巫,探险家,深海泰坦,解脱者,永猎双子,永恒梦魇,残月之肃,魂锁典狱长
荒漠屠夫,盲僧,暗黑元首,残月之肃,深海泰坦,扭曲树精,巨魔之王,暮光星灵,探险家,星界游神
腕豪,解脱者,未来守护者,赏金猎人,深海泰坦,青钢影,雷霆咆哮,正义巨像,寒冰射手,河流之王
海洋之灾,法外狂徒,天启者,探险家,弗雷尔卓德之心,铁铠冥魂,巨魔之王,时间刺客,虚空之女,深海泰坦
未来守护者,虚空遁地兽,英勇投弹手,探险家,星界游神,暗裔剑魔,狂战士,天启者,残月之肃,深海泰坦
铁铠冥魂,巨魔之王,正义巨像,残月之肃,弗雷尔卓德之心,齐天大圣,德玛西亚皇子,虚空行者,复仇之矛,深海泰坦
未来守护者,虚空遁地兽,时间刺客,残月之肃,魔法猫咪,青钢影,盲僧,暗黑元首,涤魂圣枪,扭曲树精
暗裔剑魔,盲僧,正义巨像,残月之肃,魂锁典狱长,虚空恐惧,法外狂徒,刀锋舞者,寒冰射手,腕豪
暗裔剑魔,法外狂徒,暮光星灵,寒冰射手,深海泰坦,山隐之焰,永猎双子,天启者,残月之肃,魂锁典狱长
山隐之焰,德玛西亚皇子,虚空行者,赏金猎人,魂锁典狱长,圣锤之毅,蜘蛛女皇,发条魔灵,残月之肃,深海泰坦
亡灵战神,巨魔之王,暮光星灵,残月之肃,魂锁典狱长,雷霆咆哮,影流之镰,发条魔灵,暗夜猎手,魔法猫咪
暗裔剑魔,狂战士,发条魔灵,残月之肃,仙灵女巫,虚空恐惧,巨魔之王,解脱者,探险家,弗雷尔卓德之心
疾风剑豪,时间刺客,刀锋舞者,探险家,仙灵女巫,狂暴之心,法外狂徒,海洋之灾,残月之肃,深海泰坦
解脱者,狂野女猎手,荒漠屠夫,寒冰射手,魂锁典狱长,山隐之焰,盲僧,永恒梦魇,探险家,魔法猫咪
青钢影,腕豪,卡牌大师,残月之肃,魂锁典狱长,山隐之焰,盲僧,正义巨像,探险家,星界游神
圣锤之毅,法外狂徒,暗黑元首,惩戒之箭,深海泰坦,复仇之矛,蜘蛛女皇,沙漠皇帝,战争女神,弗雷尔卓德之心
暗裔剑魔,法外狂徒,魔蛇之拥,寒冰射手,深海泰坦,熔岩巨兽,狂战士,沙漠皇帝,惩戒之箭,河流之王
未来守护者,巨魔之王,暗黑元首,寒冰射手,曙光女神,荒漠屠夫,雷霆咆哮,诡术妖姬,戏命师,天启者
暗裔剑魔,蜘蛛女皇,腕豪,虚空之女,牛头酋长,齐天大圣,虚空掠夺者,正义巨像,圣枪游侠,弗雷尔卓德之心
齐天大圣,盲僧,暮光星灵,圣枪游侠,魂锁典狱长,山隐之焰,雷霆咆哮,暗黑元首,残月之肃,深海泰坦
腕豪,巨魔之王,沙漠皇帝,赏金猎人,深海泰坦,山隐之焰,法外狂徒,虚空行者,残月之肃,仙灵女巫
青钢影,盲僧,解脱者,复仇之矛,深海泰坦,扭曲树精,虚空遁地兽,发条魔灵,惩戒之箭,暗裔剑魔
铁铠冥魂,狂战士,沙漠皇帝,探险家,正义巨像,腕豪,永猎双子,天启者,虚空之女,深海泰坦
齐天大圣,巨魔之王,英勇投弹手,残月之肃,仙灵女巫,荒漠屠夫,法外狂徒,正义巨像,探险家,腕豪
齐天大圣,岩雀,腕豪,惩戒之箭,深海泰坦,未来守护者,狂战士,暗黑元首,寒冰射手,弗雷尔卓德之心
铁铠冥魂,法外狂徒,暮光星灵,探险家,魔法猫咪,齐天大圣,永猎双子,发条魔灵,残月之肃,星界游神
齐天大圣,狂战士,正义巨像,虚空之女,深海泰坦,未来守护者,法外狂徒,虚空行者,寒冰射手,河流之王
海洋之灾,盲僧,沙漠皇帝,探险家,天启者,无双剑姬,雷霆咆哮,时间刺客,虚空之女,琴瑟仙女
暗裔剑魔,法外狂徒,正义巨像,涤魂圣枪,腕豪,山隐之焰,永猎双子,暗黑元首,探险家,瓦洛兰之盾
狂暴之心,巨魔之王,发条魔灵,虚空之女,深海泰坦,荒漠屠夫,狂野女猎手,正义巨像,残月之肃,曙光女神
荒漠屠夫,虚空遁地兽,魔蛇之拥,惩戒之箭,牛头酋长,铁铠冥魂,法外狂徒,腕豪,寒冰射手,弗雷尔卓德之心
复仇之矛,时间刺客,腕豪,暗黑元首,深海泰坦,无畏战车,狂战士,天启者,探险家,弗雷尔卓德之心
山隐之焰,法外狂徒,发条魔灵,惩戒之箭,魂锁典狱长,暗裔剑魔,巨魔之王,暮光星灵,赏金猎人,堕落天使
山隐之焰,时间刺客,荒漠屠夫,寒冰射手,魂锁典狱长,亡灵战神,酒桶,永恒梦魇,探险家,魔法猫咪
未来守护者,雷霆咆哮,诡术妖姬,寒冰射手,河流之王,荒漠屠夫,法外狂徒,正义巨像,戏命师,魂锁典狱长
熔岩巨兽,盲僧,沙漠皇帝,圣枪游侠,魂锁典狱长,齐天大圣,巨魔之王,时间刺客,寒冰射手,深海泰坦
荒漠屠夫,狂战士,时间刺客,残月之肃,仙灵女巫,暗裔剑魔,腕豪,沙漠皇帝,探险家,魔法猫咪
武器大师,巨魔之王,卡牌大师,复仇之矛,深海泰坦,青钢影,虚空掠夺者,暗黑元首,探险家,魂锁典狱长
青钢影,永猎双子,诡术妖姬,寒冰射手,深海泰坦,无双剑姬,巨魔之王,虚空行者,戏命师,魂锁典狱长
暗裔剑魔,狂战士,沙漠皇帝,惩戒之箭,魂锁典狱长,海洋之灾,雷霆咆哮,发条魔灵,复仇之矛,蒸汽机器人
暗裔剑魔,翠神,暮光星灵,探险家,深海泰坦,齐天大圣,盲僧,卡牌大师,复仇之矛,魂锁典狱长
齐天大圣,时间刺客,不屈之枪,寒冰射手,魂锁典狱长,荒漠屠夫,永恒梦魇,发条魔灵,逆羽,瓦洛兰之盾
雷霆咆哮,死亡颂唱者,腕豪,寒冰射手,弗雷尔卓德之心,荒漠屠夫,时间刺客,不屈之枪,残月之肃,魂锁典狱长
未来守护者,巨魔之王,诡术妖姬,复仇之矛,正义巨像,雷霆咆哮,岩雀,暗黑元首,逆羽,幻翎
未来守护者,盲僧,卡牌大师,探险家,河流之王,山隐之焰,法外狂徒,发条魔灵,涤魂圣枪,蒸汽机器人
雷霆咆哮,龙血武姬,圣枪游侠,复仇之矛,不屈之枪,扭曲树精,巨魔之王,卡牌大师,涤魂圣枪,齐天大圣
齐天大圣,雪原双子,暮光星灵,涤魂圣枪,腕豪,荒漠屠夫,时间刺客,未来守护者,探险家,星界游神
正义天使,狂战士,暗黑元首,虚空之女,深海泰坦,山隐之焰,盲僧,沙漠皇帝,残月之肃,魂锁典狱长
齐天大圣,德邦总管,仙灵女巫,残月之肃,腕豪,暗裔剑魔,盲僧,沙漠皇帝,寒冰射手,星界游神
雷霆咆哮,盲僧,发条魔灵,虚空之女,星界游神,未来守护者,巨魔之王,英勇投弹手,探险家,魔法猫咪
解脱者,狂战士,暮光星灵,寒冰射手,星界游神,山隐之焰,雷霆咆哮,发条魔灵,残月之肃,深海泰坦
青钢影,法外狂徒,正义巨像,寒冰射手,魂锁典狱长,诺克萨斯之手,时间刺客,刀锋之影,残月之肃,深海泰坦
山隐之焰,法外狂徒,暮光星灵,残月之肃,魂锁典狱长,未来守护者,盲僧,诡术妖姬,寒冰射手,深海泰坦
猩红收割者,狂战士,诡术妖姬,荣耀行刑官,深海泰坦,山隐之焰,死亡颂唱者,不屈之枪,复仇之矛,曙光女神
荒漠屠夫,蜘蛛女皇,卡牌大师,探险家,深海泰坦,铁铠冥魂,法外狂徒,诡术妖姬,复仇之矛,曙光女神
荒漠屠夫,巨魔之王,沙漠皇帝,探险家,魔法猫咪,战争之影,法外狂徒,发条魔灵,寒冰射手,深海泰坦
山隐之焰,雷霆咆哮,暮光星灵,寒冰射手,河流之王,铁铠冥魂,腕豪,暗黑元首,残月之肃,深海泰坦
荒漠屠夫,盲僧,解脱者,残月之肃,曙光女神,山隐之焰,狂野女猎手,时间刺客,探险家,深海泰坦
雷霆咆哮,法外狂徒,发条魔灵,复仇之矛,腕豪,荒漠屠夫,巨魔之王,暮光星灵,探险家,曙光女神
雷霆咆哮,生化魔人,发条魔灵,复仇之矛,不屈之枪,天启者,狂战士,沙漠皇帝,寒冰射手,弗雷尔卓德之心
天启者,巨魔之王,圣枪游侠,逆羽,幻翎,不屈之枪,蜘蛛女皇,未来守护者,探险家,魂锁典狱长
荒漠屠夫,狂野女猎手,正义巨像,残月之肃,深海泰坦,德玛西亚之翼,雷霆咆哮,卡牌大师,寒冰射手,弗雷尔卓德之心
未来守护者,狂野女猎手,发条魔灵,涤魂圣枪,扭曲树精,青钢影,腕豪,暗黑元首,残月之肃,仙灵女巫
齐天大圣,狂野女猎手,符文法师,圣枪游侠,曙光女神,雷霆咆哮,法外狂徒,天启者,探险家,弗雷尔卓德之心
天启者,巨魔之王,诡术妖姬,残月之肃,魂锁典狱长,铁铠冥魂,雷霆咆哮,发条魔灵,探险家,曙光女神
未来守护者,狂战士,沙漠皇帝,惩戒之箭,蒸汽机器人,刀锋舞者,雷霆咆哮,暗黑元首,涤魂圣枪,河流之王
暗裔剑魔,盲僧,发条魔灵,残月之肃,深海泰坦,未来守护者,虚空遁地兽,解脱者,探险家,天启者
青钢影,狂战士,诡术妖姬,探险家,魔法猫咪,圣锤之毅,永猎双子,天启者,残月之肃,魂锁典狱长
铁铠冥魂,法外狂徒,未来守护者,探险家,天启者,齐天大圣,永猎双子,万花通灵,寒冰射手,星界游神
荒漠屠夫,狂战士,发条魔灵,涤魂圣枪,魂锁典狱长,齐天大圣,雷霆咆哮,远古恐惧,探险家,曙光女神
未来守护者,雷霆咆哮,沙漠皇帝,残月之肃,深海泰坦,荒漠屠夫,盲僧,暮光星灵,探险家,曙光女神
荒漠屠夫,盲僧,正义巨像,残月之肃,瓦洛兰之盾,铁铠冥魂,虚空遁地兽,诡术妖姬,虚空之女,腕豪
铁铠冥魂,雷霆咆哮,沙漠皇帝,复仇之矛,腕豪,暴怒骑士,时间刺客,不屈之枪,残月之肃,魂锁典狱长
荒漠屠夫,腕豪,大发明家,探险家,星界游神,山隐之焰,巨魔之王,时间刺客,寒冰射手,魂锁典狱长
未来守护者,雷霆咆哮,远古恐惧,探险家,魔法猫咪,齐天大圣,法外狂徒,卡牌大师,寒冰射手,曙光女神
山隐之焰,巨魔之王,暮光星灵,残月之肃,星界游神,荒漠屠夫,狂野女猎手,时间刺客,寒冰射手,弗雷尔卓德之心
荒漠屠夫,狂战士,暮光星灵,残月之肃,弗雷尔卓德之心,齐天大圣,法外狂徒,诡术妖姬,惩戒之箭,曙光女神
铁铠冥魂,雷霆咆哮,沙漠皇帝,残月之肃,腕豪,荒漠屠夫,盲僧,时间刺客,寒冰射手,河流之王
山隐之焰,巨魔之王,沙漠皇帝,战争女神,天启者,齐天大圣,永猎双子,卡牌大师,惩戒之箭,魂锁典狱长
山隐之焰,巨魔之王,暮光星灵,寒冰射手,河流之王,荒漠屠夫,蜘蛛女皇,刀锋舞者,残月之肃,魂锁典狱长
铁铠冥魂,狂战士,暗黑元首,残月之肃,星界游神,无双剑姬,雷霆咆哮,卡牌大师,寒冰射手,腕豪
荒漠屠夫,永猎双子,机械公敌,残月之肃,牛头酋长,山隐之焰,盲僧,诡术妖姬,寒冰射手,幻翎
山隐之焰,盲僧,暮光星灵,寒冰射手,瓦洛兰之盾,铁铠冥魂,狂战士,时间刺客,残月之肃,深海泰坦
青钢影,巨魔之王,正义巨像,复仇之矛,牛头酋长,铁铠冥魂,盲僧,沙漠皇帝,寒冰射手,曙光女神
未来守护者,虚空遁地兽,卡牌大师,残月之肃,深海泰坦,山隐之焰,盲僧,暮光星灵,探险家,腕豪
荒漠屠夫,盲僧,正义巨像,寒冰射手,瓦洛兰之盾,圣锤之毅,酒桶,刀锋舞者,残月之肃,魂锁典狱长
山隐之焰,雷霆咆哮,英勇投弹手,残月之肃,不屈之枪,牧魂人,法外狂徒,冰霜女巫,寒冰射手,天启者
海洋之灾,巨魔之王,发条魔灵,寒冰射手,魂锁典狱长,齐天大圣,雷霆咆哮,卡牌大师,复仇之矛,幻翎
熔岩巨兽,德玛西亚皇子,发条魔灵,残月之肃,魂锁典狱长,齐天大圣,雷霆咆哮,解脱者,寒冰射手,弗雷尔卓德之心
齐天大圣,狂野女猎手,沙漠皇帝,探险家,深海泰坦,海兽祭司,法外狂徒,时间刺客,寒冰射手,荆棘之兴
雷霆咆哮,酒桶,疾风剑豪,探险家,星界游神,武器大师,腕豪,暮光星灵,残月之肃,魂锁典狱长
雷霆咆哮,巨魔之王,英勇投弹手,残月之肃,河流之王,正义天使,盲僧,沙漠皇帝,探险家,曙光女神
山隐之焰,巨魔之王,机械先驱,齐天大圣,涤魂圣枪,正义天使,狂野女猎手,不屈之枪,残月之肃,瓦洛兰之盾
雷霆咆哮,永猎双子,机械公敌,残月之肃,曙光女神,齐天大圣,盲僧,诡术妖姬,寒冰射手,深海泰坦
离群之刺,虚空遁地兽,虚空行者,复仇之矛,深海泰坦,荒漠屠夫,酒桶,沙漠皇帝,残月之肃,魂锁典狱长
圣枪游侠,狂野女猎手,诡术妖姬,残月之肃,星界游神,荒漠屠夫,狂战士,暗黑元首,寒冰射手,弗雷尔卓德之心
铁铠冥魂,虚空遁地兽,沙漠皇帝,残月之肃,魂锁典狱长,山隐之焰,盲僧,诡术妖姬,探险家,深海泰坦
山隐之焰,蜘蛛女皇,未来守护者,虚空之女,魂锁典狱长,暗裔剑魔,法外狂徒,天启者,探险家,弗雷尔卓德之心
机械公敌,盲僧,解脱者,残月之肃,深海泰坦,铁铠冥魂,远古恐惧,永恒梦魇,寒冰射手,魂锁典狱长
铁铠冥魂,雷霆咆哮,发条魔灵,复仇之矛,牛头酋长,正义天使,腕豪,卡牌大师,残月之肃,深海泰坦
山隐之焰,盲僧,诡术妖姬,复仇之矛,弗雷尔卓德之心,雷霆咆哮,法外狂徒,冰霜女巫,虚空之女,牛头酋长
刀锋舞者,虚空遁地兽,暗黑元首,圣枪游侠,弗雷尔卓德之心,暗裔剑魔,狂野女猎手,正义巨像,残月之肃,深海泰坦
齐天大圣,狂战士,冰霜女巫,复仇之矛,深海泰坦,海兽祭司,巨魔之王,诡术妖姬,残月之肃,河流之王
山隐之焰,雷霆咆哮,天启者,残月之肃,河流之王,海洋之灾,狂战士,符文法师,复仇之矛,魂锁典狱长
荒漠屠夫,法外狂徒,沙漠皇帝,赏金猎人,深海泰坦,无双剑姬,德玛西亚皇子,虚空行者,残月之肃,魂锁典狱长
雷霆咆哮,虚空遁地兽,时光守护者,残月之肃,魂锁典狱长,山隐之焰,盲僧,沙漠皇帝,探险家,深海泰坦
铁铠冥魂,法外狂徒,暮光星灵,寒冰射手,深海泰坦,齐天大圣,德玛西亚皇子,暗黑元首,残月之肃,魂锁典狱长
腕豪,法外狂徒,暗黑元首,残月之肃,不屈之枪,未来守护者,德玛西亚皇子,正义巨像,探险家,星界游神
山隐之焰,法外狂徒,暮光星灵,寒冰射手,弗雷尔卓德之心,海洋之灾,雷霆咆哮,卡牌大师,残月之肃,深海泰坦
离群之刺,虚空遁地兽,卡牌大师,残月之肃,魂锁典狱长,铁铠冥魂,盲僧,正义巨像,寒冰射手,曙光女神
铁铠冥魂,雷霆咆哮,圣枪游侠,探险家,星界游神,狂暴之心,狂战士,英勇投弹手,残月之肃,深海泰坦
暗裔剑魔,法外狂徒,卡牌大师,虚空之女,深海泰坦,腕豪,盲僧,暮光星灵,魔蛇之拥,魂锁典狱长
荒漠屠夫,时间刺客,元素女皇,寒冰射手,深海泰坦,雷霆咆哮,法外狂徒,卡牌大师,戏命师,天启者
荒漠屠夫,虚空遁地兽,暗黑元首,寒冰射手,弗雷尔卓德之心,齐天大圣,巨魔之王,天启者,残月之肃,幻翎
暗裔剑魔,巨魔之王,发条魔灵,探险家,魔法猫咪,雷霆咆哮,腕豪,天启者,残月之肃,不屈之枪
荒漠屠夫,酒桶,未来守护者,赏金猎人,血港鬼影,雷霆咆哮,巨魔之王,时间刺客,探险家,魔法猫咪
齐天大圣,盲僧,正义巨像,残月之肃,瓦洛兰之盾,战争之影,狂野女猎手,不屈之枪,复仇之矛,深海泰坦
山隐之焰,狂战士,时间刺客,探险家,曙光女神,圣锤之毅,盲僧,暗黑元首,残月之肃,弗雷尔卓德之心
齐天大圣,法外狂徒,天启者,探险家,弗雷尔卓德之心,荒漠屠夫,狂野女猎手,远古恐惧,寒冰射手,曙光女神
离群之刺,酒桶,刀锋舞者,赏金猎人,腕豪,山隐之焰,巨魔之王,符文法师,残月之肃,不屈之枪
雷霆咆哮,狂野女猎手,暮光星灵,复仇之矛,深海泰坦,山隐之焰,法外狂徒,沙漠皇帝,大发明家,蒸汽机器人
海洋之灾,狂野女猎手,腕豪,虚空之女,不屈之枪,铁铠冥魂,盲僧,深海泰坦,寒冰射手,魂锁典狱长
铁铠冥魂,巨魔之王,发条魔灵,残月之肃,魂锁典狱长,正义天使,雷霆咆哮,卡牌大师,探险家,曙光女神
扭曲树精,盲僧,发条魔灵,残月之肃,深海泰坦,山隐之焰,狂野女猎手,未来守护者,探险家,曙光女神
齐天大圣,盲僧,符文法师,惩戒之箭,魂锁典狱长,铁铠冥魂,巨魔之王,圣枪游侠,天启者,众星之子
无双剑姬,法外狂徒,英勇投弹手,惩戒之箭,天启者,山隐之焰,巨魔之王,发条魔灵,深渊巨口,风暴之怒
山隐之焰,盲僧,沙漠皇帝,涤魂圣枪,天启者,离群之刺,腕豪,虚空行者,寒冰射手,魂锁典狱长
铁铠冥魂,永猎双子,时间刺客,虚空之女,腕豪,荒漠屠夫,法外狂徒,虚空行者,寒冰射手,曙光女神
海洋之灾,巨魔之王,符文法师,惩戒之箭,魂锁典狱长,铁铠冥魂,盲僧,卡牌大师,残月之肃,深海泰坦
齐天大圣,巨魔之王,远古恐惧,探险家,星界游神,海洋之灾,盲僧,冰霜女巫,残月之肃,魂锁典狱长
熔岩巨兽,狂战士,发条魔灵,探险家,魔法猫咪,齐天大圣,永猎双子,仙灵女巫,残月之肃,瓦洛兰之盾
荒漠屠夫,狂野女猎手,暗黑元首,残月之肃,魂锁典狱长,圣锤之毅,法外狂徒,诡术妖姬,探险家,深海泰坦
熔岩巨兽,盲僧,沙漠皇帝,惩戒之箭,天启者,荒漠屠夫,齐天大圣,英勇投弹手,赏金猎人,魔法猫咪
荒漠屠夫,盲僧,英勇投弹手,残月之肃,魂锁典狱长,海洋之灾,不屈之枪,暮光星灵,探险家,弗雷尔卓德之心
猩红收割者,巨魔之王,未来守护者,虚空之女,深海泰坦,海洋之灾,雪原双子,腕豪,复仇之矛,曙光女神
荒漠屠夫,巨魔之王,卡牌大师,残月之肃,弗雷尔卓德之心,腕豪,德玛西亚皇子,爆破鬼才,赏金猎人,魔法猫咪
荒漠屠夫,巨魔之王,诡术妖姬,残月之肃,暮光之眼,雷霆咆哮,法外狂徒,正义巨像,寒冰射手,曙光女神
海洋之灾,腕豪,发条魔灵,惩戒之箭,深海泰坦,熔岩巨兽,雷霆咆哮,诡术妖姬,残月之肃,曙光女神
荒漠屠夫,巨魔之王,英勇投弹手,暗黑元首,涤魂圣枪,齐天大圣,酒桶,时间刺客,探险家,弗雷尔卓德之心
雷霆咆哮,法外狂徒,符文法师,涤魂圣枪,齐天大圣,山隐之焰,巨魔之王,沙漠皇帝,惩戒之箭,仙灵女巫
荒漠屠夫,狂战士,天启者,残月之肃,深海泰坦,青钢影,盲僧,卡牌大师,惩戒之箭,腕豪
雷霆咆哮,法外狂徒,暮光星灵,残月之肃,深海泰坦,正义天使,腕豪,卡牌大师,复仇之矛,魂锁典狱长
雷霆咆哮,腕豪,诡术妖姬,复仇之矛,蒸汽机器人,暗裔剑魔,盲僧,暮光星灵,残月之肃,魂锁典狱长
未来守护者,巨魔之王,符文法师,涤魂圣枪,深海泰坦,雷霆咆哮,盲僧,机械先驱,寒冰射手,弗雷尔卓德之心
齐天大圣,雷霆咆哮,魔蛇之拥,战争女神,魂锁典狱长,铁铠冥魂,狂战士,符文法师,赏金猎人,天启者
齐天大圣,巨魔之王,机械公敌,探险家,曙光女神,荒漠屠夫,虚空遁地兽,虚空行者,残月之肃,深海泰坦
解脱者,巨魔之王,发条魔灵,寒冰射手,魂锁典狱长,山隐之焰,法外狂徒,暮光星灵,探险家,曙光女神
铁铠冥魂,虚空遁地兽,暗黑元首,残月之肃,仙灵女巫,山隐之焰,巨魔之王,岩雀,寒冰射手,弗雷尔卓德之心
亡灵战神,龙血武姬,腕豪,虚空之女,深海泰坦,诺克萨斯之手,狂野女猎手,机械公敌,寒冰射手,河流之王
暗裔剑魔,巨魔之王,虚空先知,探险家,河流之王,荒漠屠夫,狂野女猎手,卡牌大师,残月之肃,曙光女神
齐天大圣,巨魔之王,机械先驱,复仇之矛,魂锁典狱长,武器大师,狂战士,诡术妖姬,探险家,魔法猫咪
荒漠屠夫,盲僧,卡牌大师,残月之肃,曙光女神,海洋之灾,巨魔之王,暮光星灵,寒冰射手,腕豪
齐天大圣,巨魔之王,时间刺客,虚空之女,深海泰坦,诺克萨斯之手,狂野女猎手,机械公敌,寒冰射手,瓦洛兰之盾
山隐之焰,法外狂徒,正义巨像,寒冰射手,曙光女神,正义天使,雷霆咆哮,元素女皇,探险家,星界游神
战争之影,巨魔之王,发条魔灵,寒冰射手,弗雷尔卓德之心,齐天大圣,狂野女猎手,时间刺客,逆羽,幻翎
荒漠屠夫,虚空遁地兽,皎月女神,残月之肃,魂锁典狱长,齐天大圣,法外狂徒,天启者,虚空之女,深海泰坦
未来守护者,狂战士,虚空行者,虚空之女,魂锁典狱长,海洋之灾,腕豪,诡术妖姬,残月之肃,曙光女神
齐天大圣,盲僧,魔蛇之拥,残月之肃,深海泰坦,铁铠冥魂,巨魔之王,沙漠皇帝,赏金猎人,曙光女神
齐天大圣,虚空遁地兽,诡术妖姬,惩戒之箭,弗雷尔卓德之心,荒漠屠夫,时间刺客,圣枪游侠,战争女神,深海泰坦
雷霆咆哮,法外狂徒,机械公敌,寒冰射手,深海泰坦,齐天大圣,巨魔之王,暗黑元首,探险家,星界游神
荒漠屠夫,巨魔之王,暮光星灵,残月之肃,深海泰坦,天启者,盲僧,卡牌大师,探险家,河流之王
暗裔剑魔,法外狂徒,暮光星灵,探险家,唤潮鲛姬,青钢影,盲僧,诡术妖姬,残月之肃,深海泰坦
迷失之牙,巨魔之王,暗黑元首,残月之肃,深海泰坦,雷霆咆哮,法外狂徒,诡术妖姬,寒冰射手,腕豪
铁铠冥魂,虚空遁地兽,发条魔灵,残月之肃,魂锁典狱长,无双剑姬,永猎双子,天启者,复仇之矛,腕豪
暴怒骑士,狂野女猎手,解脱者,探险家,星界游神,山隐之焰,狂战士,离群之刺,残月之肃,魔法猫咪
荒漠屠夫,蜘蛛女皇,暮光星灵,残月之肃,深海泰坦,山隐之焰,虚空遁地兽,解脱者,寒冰射手,魂锁典狱长
齐天大圣,法外狂徒,卡牌大师,赏金猎人,魔法猫咪,亡灵战神,盲僧,暮光星灵,探险家,仙灵女巫
雷霆咆哮,法外狂徒,发条魔灵,残月之肃,曙光女神,山隐之焰,巨魔之王,暮光星灵,复仇之矛,深海泰坦
迷失之牙,巨魔之王,诡术妖姬,残月之肃,深海泰坦,雷霆咆哮,永猎双子,暗黑元首,寒冰射手,魂锁典狱长
山隐之焰,酒桶,发条魔灵,探险家,星界游神,暗裔剑魔,雷霆咆哮,沙漠皇帝,复仇之矛,曙光女神
暗裔剑魔,巨魔之王,暗黑元首,寒冰射手,深海泰坦,荒漠屠夫,虚空遁地兽,诡术妖姬,虚空之女,魂锁典狱长
荒漠屠夫,酒桶,暗黑元首,残月之肃,魂锁典狱长,雷霆咆哮,巨魔之王,暮光星灵,探险家,曙光女神
海洋之灾,远古恐惧,未来守护者,复仇之矛,深海泰坦,山隐之焰,酒桶,发条魔灵,惩戒之箭,河流之王
雷霆咆哮,盲僧,发条魔灵,残月之肃,曙光女神,铁铠冥魂,虚空掠夺者,天启者,探险家,河流之王
荒漠屠夫,狂野女猎手,暗黑元首,涤魂圣枪,不屈之枪,山隐之焰,法外狂徒,机械公敌,探险家,天启者
无畏战车,虚空遁地兽,暗黑元首,虚空之女,深海泰坦,齐天大圣,盲僧,正义巨像,探险家,曙光女神
雷霆咆哮,盲僧,暮光星灵,寒冰射手,瓦洛兰之盾,山隐之焰,虚空掠夺者,天启者,复仇之矛,深海泰坦
未来守护者,时间刺客,不屈之枪,残月之肃,深海泰坦,山隐之焰,盲僧,诡术妖姬,探险家,曙光女神
铁铠冥魂,德玛西亚皇子,卡牌大师,寒冰射手,魂锁典狱长,荒漠屠夫,巨魔之王,天启者,残月之肃,深海泰坦
熔岩巨兽,法外狂徒,暮光星灵,残月之肃,魂锁典狱长,齐天大圣,雷霆咆哮,九尾妖狐,探险家,星界游神
腕豪,巨魔之王,沙漠皇帝,涤魂圣枪,齐天大圣,德玛西亚之翼,雷霆咆哮,诡术妖姬,残月之肃,深海泰坦
海洋之灾,虚空遁地兽,发条魔灵,复仇之矛,蒸汽机器人,暗裔剑魔,盲僧,英勇投弹手,寒冰射手,魂锁典狱长
山隐之焰,法外狂徒,暮光星灵,残月之肃,瓦洛兰之盾,齐天大圣,德玛西亚皇子,正义巨像,复仇之矛,魂锁典狱长
青钢影,德玛西亚皇子,正义巨像,残月之肃,曙光女神,铁铠冥魂,巨魔之王,暮光星灵,探险家,不屈之枪
荒漠屠夫,狂野女猎手,沙漠皇帝,涤魂圣枪,腕豪,山隐之焰,法外狂徒,暗黑元首,探险家,酒桶
荒漠屠夫,影流之镰,英勇投弹手,逆羽,幻翎,铁铠冥魂,巨魔之王,暮光星灵,赏金猎人,魂锁典狱长
齐天大圣,盲僧,暗黑元首,寒冰射手,河流之王,无畏战车,巨魔之王,卡牌大师,残月之肃,深海泰坦
暗裔剑魔,盲僧,暮光星灵,寒冰射手,天启者,海洋之灾,雷霆咆哮,发条魔灵,探险家,弗雷尔卓德之心
武器大师,巨魔之王,暮光星灵,寒冰射手,魂锁典狱长,齐天大圣,盲僧,暗黑元首,残月之肃,深海泰坦
山隐之焰,巨魔之王,魔蛇之拥,探险家,天启者,雷霆咆哮,狂野女猎手,暮光星灵,复仇之矛,魂锁典狱长
雷霆咆哮,盲僧,暗黑元首,复仇之矛,腕豪,迷失之牙,法外狂徒,天启者,寒冰射手,弗雷尔卓德之心
狂战士,龙血武姬,腕豪,探险家,深海泰坦,武器大师,德玛西亚皇子,英勇投弹手,残月之肃,魂锁典狱长
青钢影,盲僧,英勇投弹手,探险家,曙光女神,暗裔剑魔,虚空遁地兽,解脱者,惩戒之箭,魂锁典狱长
狂暴之心,巨魔之王,正义巨像,残月之肃,腕豪,天启者,盲僧,暮光星灵,赏金猎人,曙光女神
暗黑元首,狂野女猎手,腕豪,荣耀行刑官,魂锁典狱长,山隐之焰,时间刺客,影流之主,残月之肃,深海泰坦
圣锤之毅,时间刺客,荒漠屠夫,探险家,深海泰坦,雷霆咆哮,永猎双子,暮光星灵,残月之肃,腕豪
铁铠冥魂,法外狂徒,堕落天使,寒冰射手,天启者,荒漠屠夫,雷霆咆哮,卡牌大师,残月之肃,星界游神
雷霆咆哮,时间刺客,荒漠屠夫,虚空之女,深海泰坦,山隐之焰,解脱者,腕豪,残月之肃,曙光女神
狂暴之心,法外狂徒,离群之刺,残月之肃,腕豪,荒漠屠夫,狂野女猎手,元素女皇,惩戒之箭,弗雷尔卓德之心
海洋之灾,狂战士,发条魔灵,探险家,幻翎,山隐之焰,法外狂徒,卡牌大师,寒冰射手,弗雷尔卓德之心
铁铠冥魂,巨魔之王,诡术妖姬,惩戒之箭,天启者,暗裔剑魔,狂野女猎手,暗黑元首,探险家,腕豪
荒漠屠夫,巨魔之王,机械公敌,涤魂圣枪,齐天大圣,迷失之牙,盲僧,发条魔灵,残月之肃,魂锁典狱长
武器大师,巨魔之王,正义巨像,寒冰射手,星界游神,齐天大圣,永猎双子,暗黑元首,赏金猎人,深海泰坦
雷霆咆哮,法外狂徒,发条魔灵,残月之肃,深海泰坦,暗裔剑魔,时间刺客,天启者,荣耀行刑官,魂锁典狱长
腕豪,雷霆咆哮,发条魔灵,惩戒之箭,涤魂圣枪,山隐之焰,狂战士,深渊巨口,探险家,魔法猫咪
齐天大圣,解脱者,未来守护者,探险家,腕豪,熔岩巨兽,狂野女猎手,冰霜女巫,荣耀行刑官,魂锁典狱长
荒漠屠夫,盲僧,正义巨像,虚空之女,深海泰坦,圣锤之毅,解脱者,暗黑元首,复仇之矛,魂锁典狱长
狂暴之心,狂战士,解脱者,残月之肃,深海泰坦,天启者,盲僧,卡牌大师,惩戒之箭,曙光女神
山隐之焰,盲僧,沙漠皇帝,残月之肃,魂锁典狱长,熔岩巨兽,法外狂徒,发条魔灵,寒冰射手,天启者
武器大师,盲僧,正义巨像,战争女神,天启者,圣锤之毅,虚空遁地兽,英勇投弹手,探险家,腕豪
荒漠屠夫,雷霆咆哮,发条魔灵,寒冰射手,星界游神,齐天大圣,狂野女猎手,诡术妖姬,探险家,腕豪
武器大师,雷霆咆哮,发条魔灵,虚空之女,深海泰坦,齐天大圣,法外狂徒,暗黑元首,探险家,弗雷尔卓德之心
山隐之焰,巨魔之王,仙灵女巫,残月之肃,魔法猫咪,腕豪,远古恐惧,未来守护者,探险家,星界游神
荒漠屠夫,盲僧,暮光星灵,寒冰射手,魂锁典狱长,雷霆咆哮,虚空掠夺者,暗黑元首,复仇之矛,深海泰坦
腕豪,雷霆咆哮,暮光星灵,探险家,曙光女神,无双剑姬,不屈之枪,虚空之眼,赏金猎人,深海泰坦
铁铠冥魂,法外狂徒,暮光星灵,残月之肃,深海泰坦,山隐之焰,雷霆咆哮,暗黑元首,寒冰射手,曙光女神
未来守护者,巨魔之王,离群之刺,残月之肃,曙光女神,机械公敌,虚空遁地兽,暗黑元首,赏金猎人,深海泰坦
齐天大圣,永恒梦魇,发条魔灵,复仇之矛,幻翎,武器大师,狂战士,天启者,残月之肃,河流之王
铁铠冥魂,盲僧,万花通灵,复仇之矛,深海泰坦,齐天大圣,巨魔之王,解脱者,探险家,星界游神
未来守护者,巨魔之王,离群之刺,涤魂圣枪,扭曲树精,齐天大圣,狂野女猎手,沙漠皇帝,寒冰射手,天启者
齐天大圣,永猎双子,暮光星灵,虚空之女,血港鬼影,荒漠屠夫,时间刺客,腕豪,探险家,幻翎
齐天大圣,盲僧,沙漠皇帝,寒冰射手,弗雷尔卓德之心,雷霆咆哮,狂战士,正义巨像,虚空之女,魂锁典狱长
山隐之焰,盲僧,发条魔灵,残月之肃,腕豪,荒漠屠夫,法外狂徒,魔蛇之拥,惩戒之箭,魂锁典狱长
迷失之牙,盲僧,暮光星灵,残月之肃,魂锁典狱长,雷霆咆哮,法外狂徒,离群之刺,爆破鬼才,深海泰坦
暗裔剑魔,巨魔之王,冰霜女巫,残月之肃,魂锁典狱长,铁铠冥魂,盲僧,诡术妖姬,探险家,深海泰坦
迷失之牙,狂野女猎手,未来守护者,复仇之矛,深海泰坦,荒漠屠夫,岩雀,永恒梦魇,惩戒之箭,弗雷尔卓德之心
暗裔剑魔,法外狂徒,解脱者,残月之肃,魂锁典狱长,荒漠屠夫,时间刺客,不屈之枪,惩戒之箭,河流之王
铁铠冥魂,德玛西亚皇子,正义巨像,复仇之矛,瓦洛兰之盾,腕豪,巨魔之王,虚空行者,涤魂圣枪,扭曲树精
狂暴之心,巨魔之王,诡术妖姬,探险家,弗雷尔卓德之心,解脱者,盲僧,暗黑元首,惩戒之箭,魂锁典狱长
熔岩巨兽,巨魔之王,时间刺客,残月之肃,星界游神,齐天大圣,雷霆咆哮,暗黑元首,寒冰射手,弗雷尔卓德之心
铁铠冥魂,盲僧,正义巨像,残月之肃,深海泰坦,山隐之焰,法外狂徒,暮光星灵,寒冰射手,曙光女神
雷霆咆哮,盲僧,正义巨像,探险家,深海泰坦,山隐之焰,法外狂徒,发条魔灵,复仇之矛,腕豪
暗裔剑魔,法外狂徒,冰霜女巫,残月之肃,深海泰坦,未来守护者,狂野女猎手,腕豪,复仇之矛,曙光女神
荒漠屠夫,影流之镰,卡牌大师,复仇之矛,魂锁典狱长,雷霆咆哮,巨魔之王,暮光星灵,残月之肃,星界游神
雷霆咆哮,法外狂徒,正义巨像,虚空之女,深海泰坦,荒漠屠夫,巨魔之王,暗黑元首,探险家,曙光女神
腕豪,虚空遁地兽,诡术妖姬,探险家,深海泰坦,齐天大圣,盲僧,冰霜女巫,残月之肃,星界游神
扭曲树精,巨魔之王,发条魔灵,探险家,武器大师,青钢影,雷霆咆哮,卡牌大师,残月之肃,深海泰坦
铁铠冥魂,巨魔之王,发条魔灵,残月之肃,深海泰坦,荒漠屠夫,蜘蛛女皇,猩红收割者,寒冰射手,魂锁典狱长
雷霆咆哮,虚空遁地兽,英勇投弹手,赏金猎人,魂锁典狱长,迷失之牙,盲僧,沙漠皇帝,残月之肃,深海泰坦
雷霆咆哮,德玛西亚皇子,正义巨像,探险家,河流之王,铁铠冥魂,盲僧,虚空行者,残月之肃,曙光女神
齐天大圣,法外狂徒,暗黑元首,残月之肃,腕豪,铁铠冥魂,巨魔之王,发条魔灵,寒冰射手,深海泰坦
雷霆咆哮,法外狂徒,卡牌大师,残月之肃,魂锁典狱长,山隐之焰,巨魔之王,机械公敌,探险家,曙光女神
暗裔剑魔,狂野女猎手,腕豪,探险家,深海泰坦,亡灵战神,巨魔之王,时间刺客,残月之肃,魂锁典狱长
暗裔剑魔,法外狂徒,暮光星灵,寒冰射手,弗雷尔卓德之心,铁铠冥魂,巨魔之王,虚空行者,残月之肃,魂锁典狱长
雷霆咆哮,巨魔之王,暗黑元首,残月之肃,曙光女神,荒漠屠夫,时间刺客,未来守护者,探险家,深海泰坦
荒漠屠夫,法外狂徒,暮光星灵,探险家,天启者,迷失之牙,狂战士,虚空行者,寒冰射手,曙光女神
雷霆咆哮,法外狂徒,暮光星灵,探险家,弗雷尔卓德之心,荒漠屠夫,狂野女猎手,麦林炮手,残月之肃,深海泰坦
雷霆咆哮,法外狂徒,卡牌大师,探险家,曙光女神,铁铠冥魂,盲僧,暮光星灵,寒冰射手,深海泰坦
雷霆咆哮,盲僧,魔蛇之拥,寒冰射手,弗雷尔卓德之心,迷失之牙,虚空遁地兽,沙漠皇帝,虚空之女,深海泰坦
武器大师,法外狂徒,发条魔灵,残月之肃,弗雷尔卓德之心,齐天大圣,狂野女猎手,符文法师,虚空之女,深海泰坦
狂暴之心,雷霆咆哮,沙漠皇帝,寒冰射手,星界游神,山隐之焰,法外狂徒,卡牌大师,残月之肃,天启者
迷失之牙,法外狂徒,天启者,涤魂圣枪,齐天大圣,雷霆咆哮,虚空掠夺者,暗黑元首,探险家,魔法猫咪
山隐之焰,巨魔之王,沙漠皇帝,残月之肃,魂锁典狱长,荒漠屠夫,盲僧,时间刺客,寒冰射手,天启者
机械公敌,德玛西亚皇子,沙漠皇帝,惩戒之箭,未来守护者,齐天大圣,巨魔之王,诡术妖姬,涤魂圣枪,弗雷尔卓德之心
雷霆咆哮,巨魔之王,英勇投弹手,战争女神,腕豪,荒漠屠夫,狂野女猎手,正义巨像,惩戒之箭,魂锁典狱长
荒漠屠夫,岩雀,海洋之灾,探险家,深海泰坦,雷霆咆哮,狂野女猎手,腕豪,残月之肃,曙光女神
荒漠屠夫,狂野女猎手,刀锋舞者,残月之肃,曙光女神,未来守护者,雷霆咆哮,符文法师,探险家,星界游神
海洋之灾,巨魔之王,天启者,寒冰射手,弗雷尔卓德之心,山隐之焰,时间刺客,腕豪,残月之肃,魂锁典狱长
荒漠屠夫,盲僧,暗黑元首,残月之肃,深海泰坦,海洋之灾,雷霆咆哮,正义巨像,探险家,魔法猫咪
齐天大圣,巨魔之王,正义巨像,战争女神,天启者,海洋之灾,盲僧,暗黑元首,惩戒之箭,魂锁典狱长
战争之影,巨魔之王,暗黑元首,复仇之矛,魂锁典狱长,齐天大圣,雷霆咆哮,时间刺客,探险家,腕豪
迷失之牙,盲僧,卡牌大师,残月之肃,深海泰坦,扭曲树精,虚空遁地兽,虚空行者,探险家,天启者
狂暴之心,德玛西亚皇子,英勇投弹手,残月之肃,魂锁典狱长,山隐之焰,雷霆咆哮,沙漠皇帝,寒冰射手,河流之王
扭曲树精,狂战士,英勇投弹手,残月之肃,仙灵女巫,山隐之焰,雷霆咆哮,沙漠皇帝,赏金猎人,魔法猫咪
山隐之焰,法外狂徒,沙漠皇帝,寒冰射手,魂锁典狱长,暗裔剑魔,腕豪,暗黑元首,残月之肃,天启者
雷霆咆哮,永恒梦魇,卡牌大师,残月之肃,曙光女神,山隐之焰,法外狂徒,解脱者,寒冰射手,深海泰坦
荒漠屠夫,法外狂徒,沙漠皇帝,战争女神,魔法猫咪,铁铠冥魂,永猎双子,冰霜女巫,惩戒之箭,魂锁典狱长
未来守护者,巨魔之王,沙漠皇帝,探险家,曙光女神,雷霆咆哮,盲僧,发条魔灵,残月之肃,深海泰坦
未来守护者,狂野女猎手,暗黑元首,复仇之矛,腕豪,荒漠屠夫,狂战士,发条魔灵,探险家,幻翎
正义天使,雷霆咆哮,发条魔灵,寒冰射手,弗雷尔卓德之心,山隐之焰,巨魔之王,天启者,赏金猎人,幻翎
荒漠屠夫,腕豪,英勇投弹手,惩戒之箭,星界游神,海洋之灾,法外狂徒,正义巨像,战争女神,深海泰坦
圣枪游侠,狂战士,发条魔灵,惩戒之箭,魂锁典狱长,雷霆咆哮,法外狂徒,虚空恐惧,涤魂圣枪,深海泰坦
荒漠屠夫,巨魔之王,诡术妖姬,探险家,星界游神,山隐之焰,腕豪,暮光星灵,虚空之女,魂锁典狱长
齐天大圣,腕豪,死亡颂唱者,惩戒之箭,深海泰坦,海洋之灾,狂野女猎手,卡牌大师,探险家,曙光女神
铁铠冥魂,法外狂徒,暗黑元首,残月之肃,圣锤之毅,山隐之焰,虚空掠夺者,诡术妖姬,复仇之矛,深海泰坦
铁铠冥魂,巨魔之王,正义巨像,探险家,天启者,未来守护者,狂野女猎手,暮光星灵,战争女神,弗雷尔卓德之心
铁铠冥魂,巨魔之王,沙漠皇帝,寒冰射手,魂锁典狱长,离群之刺,雷霆咆哮,解脱者,复仇之矛,腕豪
猩红收割者,狂战士,荒漠屠夫,战争女神,魔法猫咪,海洋之灾,时间刺客,腕豪,惩戒之箭,仙灵女巫
铁铠冥魂,永猎双子,元素女皇,寒冰射手,腕豪,海洋之灾,狂野女猎手,荒漠屠夫,戏命师,不屈之枪
熔岩巨兽,巨魔之王,沙漠皇帝,赏金猎人,魔法猫咪,未来守护者,盲僧,远古恐惧,探险家,天启者
熔岩巨兽,盲僧,暗黑元首,复仇之矛,深海泰坦,齐天大圣,永猎双子,正义巨像,残月之肃,魂锁典狱长
铁铠冥魂,盲僧,暮光星灵,寒冰射手,河流之王,海洋之灾,法外狂徒,发条魔灵,探险家,深海泰坦
齐天大圣,法外狂徒,暮光星灵,探险家,不屈之枪,山隐之焰,盲僧,暗黑元首,残月之肃,正义巨像
雷霆咆哮,盲僧,英勇投弹手,虚空之女,天启者,无双剑姬,法外狂徒,机械公敌,寒冰射手,河流之王
齐天大圣,狂战士,离群之刺,涤魂圣枪,魂锁典狱长,山隐之焰,腕豪,虚空行者,寒冰射手,天启者
荒漠屠夫,狂野女猎手,冰霜女巫,寒冰射手,弗雷尔卓德之心,雷霆咆哮,法外狂徒,解脱者,残月之肃,深海泰坦
刀锋舞者,巨魔之王,正义巨像,复仇之矛,魂锁典狱长,未来守护者,时间刺客,腕豪,寒冰射手,弗雷尔卓德之心
远古恐惧,死亡颂唱者,不屈之枪,惩戒之箭,天启者,齐天大圣,盲僧,虚空行者,战争女神,星界游神
无畏战车,雷霆咆哮,暗黑元首,复仇之矛,瓦洛兰之盾,荒漠屠夫,狂野女猎手,发条魔灵,寒冰射手,河流之王
扭曲树精,狂战士,卡牌大师,复仇之矛,深海泰坦,齐天大圣,巨魔之王,堕落天使,大发明家,天启者
铁铠冥魂,法外狂徒,发条魔灵,复仇之矛,蒸汽机器人,山隐之焰,巨魔之王,虚空行者,寒冰射手,河流之王
无畏战车,虚空遁地兽,魔蛇之拥,残月之肃,深海泰坦,荒漠屠夫,巨魔之王,暮光星灵,圣枪游侠,瓦洛兰之盾
齐天大圣,巨魔之王,发条魔灵,探险家,星界游神,狂暴之心,盲僧,天启者,残月之肃,仙灵女巫
海洋之灾,虚空遁地兽,时间刺客,惩戒之箭,魂锁典狱长,铁铠冥魂,腕豪,暮光星灵,复仇之矛,蒸汽机器人
未来守护者,法外狂徒,诡术妖姬,惩戒之箭,深海泰坦,荒漠屠夫,巨魔之王,暗黑元首,战争女神,曙光女神
武器大师,岩雀,元素女皇,虚空之女,腕豪,雷霆咆哮,狂战士,冰霜女巫,寒冰射手,弗雷尔卓德之心
荒漠屠夫,雷霆咆哮,沙漠皇帝,残月之肃,弗雷尔卓德之心,暗裔剑魔,巨魔之王,发条魔灵,探险家,幻翎
山隐之焰,法外狂徒,时间刺客,探险家,星界游神,荒漠屠夫,盲僧,暗黑元首,惩戒之箭,幻翎
山隐之焰,巨魔之王,发条魔灵,复仇之矛,堕落天使,祖安狂人,雷霆咆哮,沙漠皇帝,残月之肃,深海泰坦
山隐之焰,盲僧,暗黑元首,残月之肃,腕豪,正义天使,法外狂徒,天启者,寒冰射手,深海泰坦
暮光之眼,永猎双子,诡术妖姬,残月之肃,弗雷尔卓德之心,雷霆咆哮,法外狂徒,天启者,探险家,星界游神
无双剑姬,巨魔之王,正义巨像,复仇之矛,魂锁典狱长,暗裔剑魔,时间刺客,腕豪,寒冰射手,星界游神
青钢影,狂野女猎手,腕豪,扭曲树精,涤魂圣枪,齐天大圣,盲僧,卡牌大师,惩戒之箭,魂锁典狱长
天启者,虚空遁地兽,卡牌大师,涤魂圣枪,弗雷尔卓德之心,腕豪,盲僧,解脱者,复仇之矛,星界游神
未来守护者,盲僧,卡牌大师,魔蛇之拥,蒸汽机器人,山隐之焰,狂战士,天启者,残月之肃,魂锁典狱长
暗裔剑魔,死亡颂唱者,暮光星灵,惩戒之箭,天启者,刀锋舞者,法外狂徒,发条魔灵,探险家,星界游神
狂暴之心,巨魔之王,暮光星灵,复仇之矛,深海泰坦,未来守护者,盲僧,卡牌大师,探险家,弗雷尔卓德之心
铁铠冥魂,雷霆咆哮,卡牌大师,残月之肃,魂锁典狱长,熔岩巨兽,巨魔之王,发条魔灵,探险家,幻翎
圣锤之毅,法外狂徒,诡术妖姬,寒冰射手,星界游神,海洋之灾,雷霆咆哮,正义巨像,残月之肃,魂锁典狱长
暗裔剑魔,狂野女猎手,正义巨像,残月之肃,蒸汽机器人,荒漠屠夫,虚空遁地兽,诡术妖姬,探险家,魂锁典狱长
雷霆咆哮,狂野女猎手,暗黑元首,寒冰射手,曙光女神,荒漠屠夫,盲僧,机械公敌,残月之肃,深海泰坦
荒漠屠夫,法外狂徒,卡牌大师,寒冰射手,弗雷尔卓德之心,齐天大圣,永猎双子,正义巨像,复仇之矛,深海泰坦
武器大师,狂战士,发条魔灵,虚空之女,腕豪,齐天大圣,雷霆咆哮,卡牌大师,深渊巨口,魂锁典狱长
雷霆咆哮,虚空掠夺者,冰霜女巫,寒冰射手,魂锁典狱长,山隐之焰,虚空遁地兽,诡术妖姬,残月之肃,曙光女神
正义天使,法外狂徒,卡牌大师,探险家,天启者,山隐之焰,狂野女猎手,远古恐惧,残月之肃,深海泰坦
雷霆咆哮,虚空遁地兽,诡术妖姬,残月之肃,曙光女神,迷失之牙,盲僧,机械公敌,寒冰射手,深海泰坦
荒漠屠夫,雷霆咆哮,暗黑元首,探险家,河流之王,德玛西亚之翼,巨魔之王,诡术妖姬,残月之肃,深海泰坦
狂暴之心,巨魔之王,解脱者,残月之肃,弗雷尔卓德之心,雷霆咆哮,盲僧,暮光星灵,寒冰射手,不屈之枪
未来守护者,盲僧,正义巨像,惩戒之箭,魂锁典狱长,熔岩巨兽,雷霆咆哮,卡牌大师,探险家,蒸汽机器人
雷霆咆哮,狂野女猎手,腕豪,虚空之女,深海泰坦,荒漠屠夫,虚空遁地兽,解脱者,探险家,曙光女神
暗裔剑魔,时间刺客,腕豪,残月之肃,曙光女神,齐天大圣,巨魔之王,暮光星灵,寒冰射手,深海泰坦
荒漠屠夫,翠神,沙漠皇帝,涤魂圣枪,齐天大圣,海兽祭司,巨魔之王,时间刺客,惩戒之箭,河流之王
雷霆咆哮,盲僧,魔蛇之拥,寒冰射手,曙光女神,齐天大圣,法外狂徒,天启者,逆羽,魂锁典狱长
腕豪,巨魔之王,刀锋舞者,沙漠皇帝,涤魂圣枪,荒漠屠夫,狂野女猎手,时间刺客,探险家,仙灵女巫
铁铠冥魂,不屈之枪,卡牌大师,复仇之矛,深海泰坦,山隐之焰,法外狂徒,正义巨像,残月之肃,河流之王
齐天大圣,巨魔之王,暮光星灵,寒冰射手,河流之王,雷霆咆哮,德玛西亚皇子,诡术妖姬,复仇之矛,不屈之枪
山隐之焰,巨魔之王,暮光星灵,寒冰射手,腕豪,荒漠屠夫,盲僧,诡术妖姬,残月之肃,深海泰坦
解脱者,巨魔之王,时间刺客,残月之肃,深海泰坦,狂暴之心,盲僧,暗黑元首,探险家,弗雷尔卓德之心
暗裔剑魔,时间刺客,英勇投弹手,探险家,天启者,青钢影,雷霆咆哮,正义巨像,残月之肃,仙灵女巫
荒漠屠夫,巨魔之王,时间刺客,残月之肃,河流之王,海洋之灾,德玛西亚皇子,沙漠皇帝,复仇之矛,魂锁典狱长
齐天大圣,虚空遁地兽,解脱者,复仇之矛,腕豪,熔岩巨兽,狂野女猎手,不屈之枪,惩戒之箭,曙光女神
荒漠屠夫,盲僧,机械公敌,探险家,深海泰坦,山隐之焰,法外狂徒,万花通灵,残月之肃,牛头酋长
铁铠冥魂,齐天大圣,堕落天使,残月之肃,天启者,腕豪,雷霆咆哮,卡牌大师,探险家,魔法猫咪
齐天大圣,德玛西亚皇子,发条魔灵,探险家,魂锁典狱长,暗裔剑魔,腕豪,沙漠皇帝,残月之肃,天启者
亡灵战神,永恒梦魇,发条魔灵,寒冰射手,腕豪,山隐之焰,盲僧,诡术妖姬,残月之肃,魂锁典狱长
扭曲树精,腕豪,暗黑元首,探险家,幻翎,狂暴之心,法外狂徒,沙漠皇帝,复仇之矛,深海泰坦
海洋之灾,永猎双子,虚空行者,残月之肃,腕豪,荒漠屠夫,德玛西亚皇子,猩红收割者,探险家,星界游神
山隐之焰,盲僧,暗黑元首,残月之肃,仙灵女巫,暗裔剑魔,不屈之枪,时间刺客,探险家,星界游神
荒漠屠夫,法外狂徒,卡牌大师,残月之肃,深海泰坦,圣枪游侠,雷霆咆哮,永恒梦魇,大发明家,魂锁典狱长
海洋之灾,雷霆咆哮,英勇投弹手,赏金猎人,深海泰坦,山隐之焰,盲僧,沙漠皇帝,残月之肃,曙光女神
山隐之焰,盲僧,暗黑元首,寒冰射手,深海泰坦,荒漠屠夫,虚空遁地兽,正义巨像,残月之肃,魂锁典狱长
暗裔剑魔,巨魔之王,诡术妖姬,寒冰射手,星界游神,无双剑姬,法外狂徒,暗黑元首,残月之肃,深海泰坦
雷霆咆哮,酒桶,发条魔灵,战争女神,魔法猫咪,山隐之焰,法外狂徒,暮光星灵,探险家,天启者
齐天大圣,雷霆咆哮,沙漠皇帝,残月之肃,河流之王,青钢影,盲僧,卡牌大师,复仇之矛,曙光女神
无畏战车,盲僧,沙漠皇帝,探险家,幻翎,雷霆咆哮,巨魔之王,发条魔灵,残月之肃,深海泰坦
荒漠屠夫,盲僧,卡牌大师,探险家,深海泰坦,战争之影,齐天大圣,机械先驱,寒冰射手,弗雷尔卓德之心
齐天大圣,狂野女猎手,腕豪,残月之肃,血港鬼影,铁铠冥魂,巨魔之王,圣枪游侠,大发明家,涤魂圣枪
暗裔剑魔,巨魔之王,冰霜女巫,涤魂圣枪,探险家,荒漠屠夫,盲僧,发条魔灵,寒冰射手,星界游神
海洋之灾,腕豪,发条魔灵,残月之肃,河流之王,暗裔剑魔,雷霆咆哮,暗黑元首,寒冰射手,魂锁典狱长
荒漠屠夫,盲僧,暗黑元首,残月之肃,深海泰坦,山隐之焰,虚空遁地兽,诡术妖姬,寒冰射手,弗雷尔卓德之心
齐天大圣,巨魔之王,正义巨像,残月之肃,魂锁典狱长,扭曲树精,盲僧,腕豪,寒冰射手,蒸汽机器人
海洋之灾,盲僧,机械先驱,寒冰射手,腕豪,荒漠屠夫,巨魔之王,爆破鬼才,复仇之矛,魂锁典狱长
山隐之焰,虚空遁地兽,机械先驱,残月之肃,深海泰坦,齐天大圣,狂野女猎手,不屈之枪,虚空之女,牛头酋长
荒漠屠夫,雷霆咆哮,卡牌大师,战争女神,星界游神,武器大师,巨魔之王,发条魔灵,残月之肃,深海泰坦
荒漠屠夫,盲僧,离群之刺,惩戒之箭,河流之王,迷失之牙,法外狂徒,机械公敌,寒冰射手,深海泰坦
腕豪,法外狂徒,诡术妖姬,惩戒之箭,河流之王,齐天大圣,永恒梦魇,虚空行者,复仇之矛,弗雷尔卓德之心
铁铠冥魂,盲僧,正义巨像,探险家,魔法猫咪,齐天大圣,法外狂徒,腕豪,虚空之女,深海泰坦
荒漠屠夫,狂战士,正义巨像,寒冰射手,腕豪,铁铠冥魂,影流之镰,沙漠皇帝,赏金猎人,深海泰坦
山隐之焰,盲僧,发条魔灵,惩戒之箭,曙光女神,解脱者,狂野女猎手,荒漠屠夫,虚空之女,深海泰坦
铁铠冥魂,巨魔之王,暮光星灵,残月之肃,腕豪,青钢影,盲僧,暗黑元首,涤魂圣枪,河流之王
雷霆咆哮,狂野女猎手,正义巨像,复仇之矛,腕豪,齐天大圣,巨魔之王,猩红收割者,残月之肃,魂锁典狱长
青钢影,盲僧,英勇投弹手,探险家,腕豪,暗裔剑魔,巨魔之王,暮光星灵,惩戒之箭,正义巨像
暗裔剑魔,盲僧,时光守护者,寒冰射手,魂锁典狱长,狂暴之心,雷霆咆哮,沙漠皇帝,复仇之矛,深海泰坦
诺克萨斯之手,盲僧,机械公敌,残月之肃,深海泰坦,铁铠冥魂,法外狂徒,正义巨像,寒冰射手,牛头酋长
荒漠屠夫,盲僧,暗黑元首,探险家,魔法猫咪,齐天大圣,法外狂徒,远古恐惧,战争女神,天启者
青钢影,不屈之枪,诡术妖姬,寒冰射手,魂锁典狱长,山隐之焰,酒桶,暮光星灵,残月之肃,天启者
荒漠屠夫,法外狂徒,铸星龙王,寒冰射手,魂锁典狱长,雷霆咆哮,盲僧,暗黑元首,残月之肃,曙光女神
迷失之牙,巨魔之王,卡牌大师,寒冰射手,星界游神,腕豪,德玛西亚皇子,暮光星灵,探险家,魂锁典狱长
齐天大圣,蜘蛛女皇,刀锋舞者,暴走萝莉,魂锁典狱长,暗裔剑魔,法外狂徒,雪原双子,寒冰射手,河流之王
腕豪,巨魔之王,正义巨像,虚空之女,深海泰坦,山隐之焰,盲僧,暮光星灵,探险家,星界游神
山隐之焰,龙血武姬,未来守护者,探险家,深海泰坦,雷霆咆哮,狂战士,天启者,残月之肃,仙灵女巫
荒漠屠夫,蜘蛛女皇,元素女皇,惩戒之箭,魂锁典狱长,猩红收割者,岩雀,青钢影,逆羽,深海泰坦
迷失之牙,圣锤之毅,暮光星灵,探险家,河流之王,暗裔剑魔,狂野女猎手,发条魔灵,寒冰射手,荆棘之兴
迷失之牙,盲僧,虚空行者,残月之肃,深海泰坦,青钢影,雷霆咆哮,离群之刺,探险家,曙光女神
山隐之焰,盲僧,天启者,探险家,曙光女神,齐天大圣,狂战士,卡牌大师,战争女神,深海泰坦
山隐之焰,酒桶,疾风剑豪,魔蛇之拥,魂锁典狱长,腕豪,虚空遁地兽,发条魔灵,复仇之矛,蒸汽机器人
齐天大圣,不屈之枪,卡牌大师,寒冰射手,河流之王,扭曲树精,盲僧,诡术妖姬,残月之肃,魂锁典狱长
山隐之焰,盲僧,卡牌大师,残月之肃,星界游神,荒漠屠夫,狂野女猎手,暮光星灵,皮城女警,堕落天使
齐天大圣,盲僧,暗黑元首,探险家,弗雷尔卓德之心,青钢影,狂战士,天启者,虚空之女,曙光女神
暗裔剑魔,雷霆咆哮,爆破鬼才,复仇之矛,深海泰坦,离群之刺,爆破鬼才,元素女皇,大发明家,腕豪
山隐之焰,死亡颂唱者,不屈之枪,惩戒之箭,河流之王,荒漠屠夫,影流之镰,正义巨像,探险家,魂锁典狱长
山隐之焰,盲僧,暮光星灵,探险家,星界游神,疾风剑豪,狂野女猎手,荒漠屠夫,残月之肃,瓦洛兰之盾
荒漠屠夫,盲僧,发条魔灵,残月之肃,深海泰坦,山隐之焰,巨魔之王,远古恐惧,寒冰射手,魂锁典狱长
圣锤之毅,法外狂徒,暗黑元首,复仇之矛,魂锁典狱长,荒漠屠夫,时间刺客,腕豪,寒冰射手,曙光女神
铁铠冥魂,法外狂徒,暮光星灵,复仇之矛,牛头酋长,无双剑姬,巨魔之王,发条魔灵,寒冰射手,星界游神
山隐之焰,盲僧,发条魔灵,残月之肃,星界游神,荒漠屠夫,狂战士,暮光星灵,探险家,魔法猫咪
山隐之焰,法外狂徒,暮光星灵,寒冰射手,魂锁典狱长,腕豪,巨魔之王,发条魔灵,探险家,深海泰坦
荒漠屠夫,巨魔之王,沙漠皇帝,残月之肃,魂锁典狱长,齐天大圣,狂战士,天启者,惩戒之箭,曙光女神
天启者,盲僧,堕落天使,探险家,弗雷尔卓德之心,铁铠冥魂,巨魔之王,卡牌大师,残月之肃,深海泰坦
雷霆咆哮,盲僧,暮光星灵,赏金猎人,曙光女神,武器大师,龙血武姬,圣枪游侠,大发明家,不屈之枪
未来守护者,时间刺客,正义巨像,惩戒之箭,不屈之枪,荒漠屠夫,巨魔之王,卡牌大师,探险家,河流之王
齐天大圣,法外狂徒,正义巨像,逆羽,魂锁典狱长,荒漠屠夫,盲僧,魔蛇之拥,寒冰射手,弗雷尔卓德之心
荒漠屠夫,德玛西亚皇子,时间刺客,残月之肃,魂锁典狱长,青钢影,法外狂徒,暗黑元首,探险家,弗雷尔卓德之心
雷霆咆哮,狂野女猎手,符文法师,探险家,不屈之枪,未来守护者,盲僧,万花通灵,复仇之矛,腕豪
雷霆咆哮,狂野女猎手,发条魔灵,虚空之女,不屈之枪,武器大师,巨魔之王,解脱者,寒冰射手,腕豪
荒漠屠夫,狂野女猎手,发条魔灵,探险家,河流之王,山隐之焰,巨魔之王,卡牌大师,虚空之女,幻翎
山隐之焰,永猎双子,暗黑元首,残月之肃,曙光女神,暗裔剑魔,盲僧,暮光星灵,探险家,深海泰坦
齐天大圣,时间刺客,荒漠屠夫,逆羽,深海泰坦,武器大师,德玛西亚皇子,暮光星灵,虚空之女,腕豪
荒漠屠夫,巨魔之王,暗黑元首,探险家,弗雷尔卓德之心,德玛西亚之翼,盲僧,机械公敌,虚空之女,曙光女神
暗裔剑魔,德玛西亚皇子,暗黑元首,残月之肃,深海泰坦,铁铠冥魂,巨魔之王,沙漠皇帝,探险家,天启者
暗裔剑魔,巨魔之王,虚空行者,寒冰射手,魂锁典狱长,荒漠屠夫,蜘蛛女皇,天启者,残月之肃,深海泰坦
雷霆咆哮,解脱者,腕豪,战争女神,魔法猫咪,疾风剑豪,岩雀,荒漠屠夫,惩戒之箭,弗雷尔卓德之心
山隐之焰,法外狂徒,暗黑元首,残月之肃,深海泰坦,雷霆咆哮,狂野女猎手,机械公敌,寒冰射手,魂锁典狱长
狂暴之心,狂战士,暮光星灵,残月之肃,深海泰坦,雷霆咆哮,狂野女猎手,诡术妖姬,复仇之矛,曙光女神
荒漠屠夫,永猎双子,机械公敌,暴走萝莉,魂锁典狱长,山隐之焰,巨魔之王,暗黑元首,寒冰射手,深海泰坦
铁铠冥魂,法外狂徒,卡牌大师,寒冰射手,仙灵女巫,雷霆咆哮,巨魔之王,符文法师,残月之肃,弗雷尔卓德之心
雷霆咆哮,巨魔之王,暮光星灵,复仇之矛,瓦洛兰之盾,荒漠屠夫,法外狂徒,正义巨像,涤魂圣枪,河流之王
齐天大圣,法外狂徒,暗黑元首,寒冰射手,河流之王,熔岩巨兽,巨魔之王,诡术妖姬,复仇之矛,深海泰坦
山隐之焰,法外狂徒,天启者,残月之肃,曙光女神,雷霆咆哮,巨魔之王,发条魔灵,寒冰射手,魂锁典狱长
解脱者,狂战士,发条魔灵,复仇之矛,魂锁典狱长,山隐之焰,虚空遁地兽,卡牌大师,赏金猎人,深海泰坦
迷失之牙,盲僧,卡牌大师,涤魂圣枪,齐天大圣,海兽祭司,巨魔之王,解脱者,赏金猎人,魔法猫咪
武器大师,盲僧,诡术妖姬,惩戒之箭,弗雷尔卓德之心,狂暴之心,巨魔之王,机械公敌,残月之肃,曙光女神
青钢影,德玛西亚皇子,虚空行者,残月之肃,魂锁典狱长,武器大师,巨魔之王,正义巨像,寒冰射手,星界游神
齐天大圣,狂战士,远古恐惧,逆羽,深海泰坦,荒漠屠夫,酒桶,暗裔剑魔,虚空之女,腕豪
亡灵战神,雷霆咆哮,时间刺客,残月之肃,深海泰坦,万花通灵,盲僧,发条魔灵,探险家,魂锁典狱长
正义天使,虚空遁地兽,卡牌大师,寒冰射手,弗雷尔卓德之心,山隐之焰,法外狂徒,天启者,复仇之矛,星界游神
亡灵战神,狂野女猎手,沙漠皇帝,探险家,弗雷尔卓德之心,海洋之灾,法外狂徒,虚空恐惧,残月之肃,众星之子
机械公敌,德玛西亚皇子,暗黑元首,复仇之矛,蒸汽机器人,齐天大圣,巨魔之王,正义巨像,惩戒之箭,魂锁典狱长
青钢影,雷霆咆哮,卡牌大师,虚空之女,魂锁典狱长,齐天大圣,盲僧,魔蛇之拥,寒冰射手,弗雷尔卓德之心
狂暴之心,狂战士,酒桶,探险家,魔法猫咪,未来守护者,巨魔之王,暮光星灵,残月之肃,深海泰坦
解脱者,影流之镰,发条魔灵,惩戒之箭,深海泰坦,山隐之焰,雷霆咆哮,离群之刺,逆羽,幻翎
雷霆咆哮,腕豪,符文法师,寒冰射手,曙光女神,荒漠屠夫,狂战士,天启者,残月之肃,魂锁典狱长
雷霆咆哮,巨魔之王,正义巨像,残月之肃,深海泰坦,齐天大圣,法外狂徒,暗黑元首,探险家,弗雷尔卓德之心
铁铠冥魂,盲僧,发条魔灵,寒冰射手,魂锁典狱长,山隐之焰,雷霆咆哮,解脱者,探险家,曙光女神
齐天大圣,法外狂徒,暮光星灵,虚空之女,深海泰坦,山隐之焰,盲僧,暗黑元首,残月之肃,魂锁典狱长
海洋之灾,法外狂徒,卡牌大师,探险家,曙光女神,铁铠冥魂,雷霆咆哮,暮光星灵,寒冰射手,弗雷尔卓德之心
荒漠屠夫,盲僧,发条魔灵,惩戒之箭,牛头酋长,齐天大圣,巨魔之王,天启者,战争女神,河流之王
铁铠冥魂,雷霆咆哮,机械公敌,探险家,曙光女神,齐天大圣,巨魔之王,虚空行者,虚空之女,腕豪
齐天大圣,时间刺客,腕豪,探险家,弗雷尔卓德之心,刀锋舞者,盲僧,发条魔灵,寒冰射手,魂锁典狱长
铁铠冥魂,德玛西亚皇子,暮光星灵,复仇之矛,魂锁典狱长,荒漠屠夫,雷霆咆哮,诡术妖姬,残月之肃,曙光女神
铁铠冥魂,死亡颂唱者,腕豪,残月之肃,河流之王,雷霆咆哮,巨魔之王,发条魔灵,寒冰射手,魂锁典狱长
海洋之灾,巨魔之王,暗黑元首,戏命师,深海泰坦,狂暴之心,法外狂徒,诡术妖姬,寒冰射手,魂锁典狱长
雷霆咆哮,法外狂徒,沙漠皇帝,寒冰射手,曙光女神,青钢影,狂战士,正义巨像,虚空之女,腕豪
雷霆咆哮,巨魔之王,沙漠皇帝,残月之肃,不屈之枪,青钢影,盲僧,卡牌大师,探险家,腕豪
荒漠屠夫,法外狂徒,冰霜女巫,探险家,星界游神,德玛西亚之翼,狂野女猎手,暗黑元首,寒冰射手,河流之王
荒漠屠夫,巨魔之王,正义巨像,寒冰射手,弗雷尔卓德之心,齐天大圣,虚空遁地兽,暗黑元首,虚空之女,腕豪
无畏战车,巨魔之王,卡牌大师,探险家,星界游神,山隐之焰,永猎双子,发条魔灵,寒冰射手,深海泰坦
铁铠冥魂,法外狂徒,天启者,寒冰射手,曙光女神,山隐之焰,巨魔之王,暮光星灵,戏命师,腕豪
齐天大圣,狂战士,虚空行者,逆羽,深海泰坦,荒漠屠夫,德玛西亚皇子,远古恐惧,虚空之女,腕豪
天启者,盲僧,时间刺客,虚空之女,深海泰坦,雷霆咆哮,虚空遁地兽,发条魔灵,残月之肃,腕豪
齐天大圣,虚空遁地兽,暗黑元首,探险家,天启者,暗裔剑魔,法外狂徒,发条魔灵,复仇之矛,牛头酋长
齐天大圣,狂战士,皎月女神,探险家,魔法猫咪,扭曲树精,巨魔之王,发条魔灵,惩戒之箭,魂锁典狱长
山隐之焰,巨魔之王,英勇投弹手,探险家,天启者,荒漠屠夫,狂野女猎手,沙漠皇帝,残月之肃,魂锁典狱长
暗裔剑魔,狂战士,皎月女神,复仇之矛,深海泰坦,未来守护者,狂野女猎手,暗黑元首,寒冰射手,魂锁典狱长
腕豪,盲僧,正义巨像,战争女神,魔法猫咪,铁铠冥魂,法外狂徒,天启者,惩戒之箭,牛头酋长
青钢影,腕豪,卡牌大师,残月之肃,深海泰坦,天启者,时间刺客,麦林炮手,探险家,弗雷尔卓德之心
雷霆咆哮,虚空遁地兽,诡术妖姬,寒冰射手,弗雷尔卓德之心,山隐之焰,盲僧,正义巨像,残月之肃,曙光女神
齐天大圣,狂战士,诡术妖姬,残月之肃,天启者,无畏战车,盲僧,魔蛇之拥,探险家,腕豪
武器大师,法外狂徒,诡术妖姬,虚空之女,曙光女神,雷霆咆哮,时间刺客,腕豪,探险家,深海泰坦
山隐之焰,法外狂徒,暮光星灵,探险家,深海泰坦,正义天使,狂野女猎手,腕豪,寒冰射手,曙光女神
山隐之焰,法外狂徒,英勇投弹手,探险家,涤魂圣枪,正义巨像,狂战士,天启者,残月之肃,曙光女神
荒漠屠夫,巨魔之王,卡牌大师,赏金猎人,深海泰坦,齐天大圣,盲僧,发条魔灵,残月之肃,魂锁典狱长
猩红收割者,巨魔之王,暮光星灵,探险家,魔法猫咪,山隐之焰,盲僧,暗黑元首,残月之肃,魂锁典狱长
正义天使,雷霆咆哮,诡术妖姬,残月之肃,曙光女神,山隐之焰,时间刺客,腕豪,寒冰射手,暮光之眼
山隐之焰,腕豪,沙漠皇帝,齐天大圣,涤魂圣枪,铁铠冥魂,雷霆咆哮,诡术妖姬,惩戒之箭,星界游神
雷霆咆哮,巨魔之王,暗黑元首,探险家,星界游神,未来守护者,盲僧,时间刺客,残月之肃,腕豪
雷霆咆哮,永猎双子,诡术妖姬,寒冰射手,星界游神,山隐之焰,巨魔之王,正义巨像,残月之肃,曙光女神
雷霆咆哮,盲僧,冰霜女巫,残月之肃,天启者,齐天大圣,巨魔之王,诡术妖姬,探险家,河流之王
齐天大圣,虚空掠夺者,暗黑元首,复仇之矛,魂锁典狱长,铁铠冥魂,法外狂徒,正义巨像,赏金猎人,深海泰坦
离群之刺,狂战士,卡牌大师,复仇之矛,魂锁典狱长,齐天大圣,法外狂徒,堕落天使,探险家,深海泰坦
离群之刺,青钢影,巨魔之王,探险家,深海泰坦,无畏战车,法外狂徒,诡术妖姬,寒冰射手,魂锁典狱长
未来守护者,雷霆咆哮,正义巨像,寒冰射手,深海泰坦,荒漠屠夫,狂战士,诡术妖姬,复仇之矛,魂锁典狱长
荒漠屠夫,狂野女猎手,诡术妖姬,探险家,弗雷尔卓德之心,暗裔剑魔,法外狂徒,虚空行者,寒冰射手,曙光女神
未来守护者,雷霆咆哮,暗黑元首,虚空之女,曙光女神,荒漠屠夫,腕豪,卡牌大师,寒冰射手,牛头酋长
荒漠屠夫,死亡颂唱者,血港鬼影,爆破鬼才,腕豪,齐天大圣,时间刺客,不屈之枪,寒冰射手,魂锁典狱长
青钢影,狂野女猎手,沙漠皇帝,涤魂圣枪,扭曲树精,暗裔剑魔,法外狂徒,离群之刺,残月之肃,仙灵女巫
解脱者,狂战士,沙漠皇帝,残月之肃,魂锁典狱长,狂暴之心,雷霆咆哮,时间刺客,探险家,星界游神
狂暴之心,巨魔之王,暮光星灵,残月之肃,曙光女神,腕豪,永猎双子,沙漠皇帝,寒冰射手,魂锁典狱长
山隐之焰,法外狂徒,暗黑元首,逆羽,幻翎,腕豪,巨魔之王,卡牌大师,虚空之女,曙光女神
雷霆咆哮,狂野女猎手,元素女皇,探险家,曙光女神,腕豪,法外狂徒,天启者,复仇之矛,深海泰坦
暗裔剑魔,盲僧,解脱者,寒冰射手,深海泰坦,荒漠屠夫,雷霆咆哮,卡牌大师,戏命师,曙光女神
齐天大圣,雷霆咆哮,沙漠皇帝,复仇之矛,瓦洛兰之盾,铁铠冥魂,德玛西亚皇子,暮光星灵,惩戒之箭,魂锁典狱长
未来守护者,巨魔之王,沙漠皇帝,复仇之矛,蒸汽机器人,圣枪游侠,酒桶,暗黑元首,惩戒之箭,河流之王
雷霆咆哮,酒桶,英勇投弹手,涤魂圣枪,河流之王,海洋之灾,腕豪,沙漠皇帝,残月之肃,星界游神
荒漠屠夫,雷霆咆哮,诡术妖姬,复仇之矛,星界游神,铁铠冥魂,法外狂徒,天启者,寒冰射手,弗雷尔卓德之心
山隐之焰,腕豪,卡牌大师,赏金猎人,蒸汽机器人,铁铠冥魂,盲僧,沙漠皇帝,残月之肃,河流之王
未来守护者,狂野女猎手,暮光星灵,探险家,魂锁典狱长,暗裔剑魔,盲僧,诡术妖姬,残月之肃,天启者
雷霆咆哮,法外狂徒,天启者,残月之肃,弗雷尔卓德之心,荒漠屠夫,巨魔之王,暮光星灵,逆羽,魂锁典狱长
武器大师,法外狂徒,发条魔灵,探险家,曙光女神,雷霆咆哮,盲僧,天启者,寒冰射手,堕落天使
山隐之焰,盲僧,虚空先知,探险家,腕豪,荒漠屠夫,远古恐惧,麦林炮手,复仇之矛,魂锁典狱长
暗裔剑魔,盲僧,暗黑元首,残月之肃,星界游神,青钢影,雷霆咆哮,机械公敌,涤魂圣枪,腕豪
腕豪,永猎双子,时间刺客,复仇之矛,酒桶,荒漠屠夫,法外狂徒,暗黑元首,探险家,星界游神
山隐之焰,永恒梦魇,机械公敌,探险家,天启者,青钢影,巨魔之王,卡牌大师,涤魂圣枪,深海泰坦
荒漠屠夫,巨魔之王,发条魔灵,复仇之矛,深海泰坦,狂暴之心,法外狂徒,冰霜女巫,残月之肃,魂锁典狱长
正义天使,雷霆咆哮,诡术妖姬,探险家,深海泰坦,山隐之焰,法外狂徒,虚空行者,寒冰射手,瓦洛兰之盾
海洋之灾,雷霆咆哮,时间刺客,寒冰射手,河流之王,无畏战车,狂野女猎手,发条魔灵,惩戒之箭,星界游神
山隐之焰,狂野女猎手,发条魔灵,复仇之矛,不屈之枪,暗裔剑魔,盲僧,万花通灵,惩戒之箭,深海泰坦
迷失之牙,虚空遁地兽,离群之刺,复仇之矛,瓦洛兰之盾,雷霆咆哮,巨魔之王,暮光星灵,寒冰射手,河流之王
荒漠屠夫,法外狂徒,发条魔灵,探险家,曙光女神,齐天大圣,盲僧,诡术妖姬,残月之肃,魂锁典狱长
正义天使,雷霆咆哮,符文法师,涤魂圣枪,深海泰坦,海洋之灾,狂野女猎手,魔蛇之拥,寒冰射手,魂锁典狱长
山隐之焰,巨魔之王,远古恐惧,寒冰射手,不屈之枪,解脱者,龙血武姬,未来守护者,惩戒之箭,星界游神
狂暴之心,巨魔之王,沙漠皇帝,复仇之矛,幻翎,圣枪游侠,酒桶,刀锋舞者,暗黑元首,腕豪
青钢影,盲僧,沙漠皇帝,惩戒之箭,魂锁典狱长,武器大师,法外狂徒,发条魔灵,探险家,深海泰坦
狂暴之心,巨魔之王,远古恐惧,寒冰射手,天启者,未来守护者,蜘蛛女皇,荒漠屠夫,复仇之矛,腕豪
迷失之牙,巨魔之王,发条魔灵,寒冰射手,魂锁典狱长,荒漠屠夫,盲僧,诡术妖姬,惩戒之箭,深海泰坦
齐天大圣,狂野女猎手,正义巨像,复仇之矛,瓦洛兰之盾,狂暴之心,盲僧,暮光星灵,探险家,河流之王
离群之刺,巨魔之王,卡牌大师,惩戒之箭,星界游神,荒漠屠夫,龙血武姬,未来守护者,寒冰射手,魂锁典狱长
武器大师,齐天大圣,正义巨像,惩戒之箭,曙光女神,猩红收割者,永猎双子,雷霆咆哮,探险家,天启者
青钢影,法外狂徒,正义巨像,虚空之女,曙光女神,猩红收割者,盲僧,冰霜女巫,惩戒之箭,深海泰坦
熔岩巨兽,狂野女猎手,未来守护者,寒冰射手,魂锁典狱长,齐天大圣,酒桶,离群之刺,残月之肃,星界游神
亡灵战神,巨魔之王,英勇投弹手,寒冰射手,魂锁典狱长,海洋之灾,雷霆咆哮,发条魔灵,探险家,弗雷尔卓德之心
暮光之眼,盲僧,沙漠皇帝,惩戒之箭,河流之王,山隐之焰,腕豪,暗黑元首,探险家,天启者
山隐之焰,法外狂徒,机械公敌,惩戒之箭,深海泰坦,荒漠屠夫,狂野女猎手,正义巨像,寒冰射手,河流之王
青钢影,雷霆咆哮,卡牌大师,探险家,腕豪,武器大师,法外狂徒,正义巨像,寒冰射手,天启者
暗裔剑魔,雷霆咆哮,发条魔灵,探险家,魔法猫咪,荒漠屠夫,盲僧,正义巨像,惩戒之箭,深海泰坦
腕豪,不灭狂雷,虚空行者,复仇之矛,深海泰坦,山隐之焰,盲僧,沙漠皇帝,惩戒之箭,魂锁典狱长
齐天大圣,酒桶,未来守护者,寒冰射手,星界游神,武器大师,时间刺客,刀锋舞者,惩戒之箭,魂锁典狱长
雷霆咆哮,虚空遁地兽,诡术妖姬,寒冰射手,天启者,暗裔剑魔,盲僧,暗黑元首,残月之肃,魂锁典狱长
无畏战车,永恒梦魇,卡牌大师,暗黑元首,深海泰坦,亡灵战神,腕豪,爆破鬼才,探险家,弗雷尔卓德之心
猩红收割者,法外狂徒,沙漠皇帝,探险家,星界游神,天启者,巨魔之王,英勇投弹手,残月之肃,仙灵女巫
齐天大圣,盲僧,诡术妖姬,赏金猎人,深海泰坦,暗裔剑魔,法外狂徒,正义巨像,复仇之矛,曙光女神
青钢影,盲僧,离群之刺,残月之肃,深海泰坦,扭曲树精,虚空遁地兽,天启者,寒冰射手,狂暴之心
海洋之灾,齐天大圣,卡牌大师,涤魂圣枪,堕落天使,青钢影,盲僧,魔蛇之拥,寒冰射手,魂锁典狱长
齐天大圣,巨魔之王,沙漠皇帝,暗黑元首,深海泰坦,海洋之灾,酒桶,发条魔灵,寒冰射手,河流之王
猩红收割者,岩雀,腕豪,战争女神,深海泰坦,雷霆咆哮,时间刺客,不屈之枪,惩戒之箭,牛头酋长
荒漠屠夫,狂野女猎手,时间刺客,惩戒之箭,深海泰坦,山隐之焰,虚空遁地兽,发条魔灵,战争女神,天启者
荒漠屠夫,狂野女猎手,卡牌大师,探险家,弗雷尔卓德之心,狂暴之心,巨魔之王,正义巨像,残月之肃,深海泰坦
铁铠冥魂,腕豪,沙漠皇帝,虚空之女,曙光女神,齐天大圣,雷霆咆哮,深渊巨口,探险家,河流之王
未来守护者,法外狂徒,暗黑元首,寒冰射手,星界游神,荒漠屠夫,蜘蛛女皇,不屈之枪,探险家,腕豪
无畏战车,虚空遁地兽,正义巨像,惩戒之箭,魂锁典狱长,山隐之焰,盲僧,卡牌大师,残月之肃,蒸汽机器人
狂暴之心,法外狂徒,暮光星灵,寒冰射手,曙光女神,未来守护者,巨魔之王,发条魔灵,涤魂圣枪,齐天大圣
荒漠屠夫,雷霆咆哮,魔蛇之拥,残月之肃,魂锁典狱长,狂暴之心,法外狂徒,正义巨像,寒冰射手,河流之王
铁铠冥魂,法外狂徒,暮光星灵,残月之肃,深海泰坦,山隐之焰,狂野女猎手,腕豪,寒冰射手,星界游神
狂暴之心,雷霆咆哮,英勇投弹手,残月之肃,魂锁典狱长,解脱者,法外狂徒,沙漠皇帝,探险家,星界游神
天启者,法外狂徒,暗黑元首,寒冰射手,魂锁典狱长,暮光之眼,盲僧,刀锋舞者,爆破鬼才,曙光女神
熔岩巨兽,巨魔之王,暗黑元首,残月之肃,深海泰坦,齐天大圣,盲僧,机械公敌,探险家,幻翎
未来守护者,虚空遁地兽,时间刺客,探险家,弗雷尔卓德之心,暗裔剑魔,盲僧,暗黑元首,残月之肃,腕豪
齐天大圣,雷霆咆哮,沙漠皇帝,探险家,天启者,荒漠屠夫,法外狂徒,暗黑元首,残月之肃,深海泰坦
雷霆咆哮,盲僧,正义巨像,复仇之矛,魂锁典狱长,正义天使,巨魔之王,天启者,寒冰射手,深海泰坦
青钢影,巨魔之王,卡牌大师,寒冰射手,魂锁典狱长,山隐之焰,时间刺客,暮光星灵,探险家,弗雷尔卓德之心
山隐之焰,盲僧,卡牌大师,寒冰射手,星界游神,荒漠屠夫,狂野女猎手,腕豪,虚空之女,曙光女神
荒漠屠夫,雷霆咆哮,暮光星灵,残月之肃,蒸汽机器人,圣锤之毅,狂战士,暗黑元首,寒冰射手,魂锁典狱长
暗裔剑魔,盲僧,解脱者,残月之肃,深海泰坦,铁铠冥魂,狂战士,机械公敌,寒冰射手,魂锁典狱长
雷霆咆哮,盲僧,大发明家,复仇之矛,不屈之枪,铁铠冥魂,巨魔之王,卡牌大师,寒冰射手,弗雷尔卓德之心
齐天大圣,德玛西亚皇子,天启者,虚空之女,曙光女神,山隐之焰,法外狂徒,正义巨像,寒冰射手,腕豪
山隐之焰,法外狂徒,暮光星灵,寒冰射手,曙光女神,海洋之灾,盲僧,冰霜女巫,残月之肃,魂锁典狱长
荒漠屠夫,狂野女猎手,诡术妖姬,残月之肃,曙光女神,海洋之灾,雷霆咆哮,暗黑元首,寒冰射手,弗雷尔卓德之心
无畏战车,死亡颂唱者,腕豪,残月之肃,魂锁典狱长,荒漠屠夫,雷霆咆哮,沙漠皇帝,寒冰射手,曙光女神
齐天大圣,狂野女猎手,卡牌大师,残月之肃,魂锁典狱长,铁铠冥魂,巨魔之王,诡术妖姬,寒冰射手,弗雷尔卓德之心
铁铠冥魂,盲僧,冰霜女巫,探险家,曙光女神,齐天大圣,巨魔之王,诡术妖姬,虚空之女,弗雷尔卓德之心
荒漠屠夫,巨魔之王,英勇投弹手,涤魂圣枪,齐天大圣,铁铠冥魂,解脱者,腕豪,探险家,天启者
雷霆咆哮,虚空遁地兽,发条魔灵,复仇之矛,腕豪,山隐之焰,龙血武姬,不屈之枪,探险家,河流之王
山隐之焰,巨魔之王,沙漠皇帝,探险家,天启者,解脱者,永恒梦魇,发条魔灵,涤魂圣枪,齐天大圣
荒漠屠夫,盲僧,发条魔灵,残月之肃,深海泰坦,未来守护者,雷霆咆哮,远古恐惧,寒冰射手,河流之王
未来守护者,狂野女猎手,发条魔灵,残月之肃,魂锁典狱长,圣枪游侠,巨魔之王,暮光星灵,探险家,星界游神
荒漠屠夫,雷霆咆哮,深渊巨口,戏命师,魂锁典狱长,齐天大圣,法外狂徒,暮光星灵,残月之肃,深海泰坦
齐天大圣,解脱者,永恒梦魇,残月之肃,魂锁典狱长,山隐之焰,永猎双子,正义巨像,复仇之矛,深海泰坦
山隐之焰,腕豪,发条魔灵,寒冰射手,星界游神,齐天大圣,狂野女猎手,沙漠皇帝,残月之肃,深海泰坦
齐天大圣,不灭狂雷,天启者,寒冰射手,曙光女神,解脱者,法外狂徒,暮光星灵,戏命师,深海泰坦
狂暴之心,雷霆咆哮,仙灵女巫,残月之肃,魂锁典狱长,解脱者,狂战士,正义巨像,探险家,星界游神
迷失之牙,雷霆咆哮,英勇投弹手,寒冰射手,天启者,熔岩巨兽,腕豪,发条魔灵,残月之肃,魂锁典狱长
铁铠冥魂,巨魔之王,暗黑元首,寒冰射手,深海泰坦,不灭狂雷,永猎双子,诡术妖姬,探险家,星界游神
山隐之焰,盲僧,机械公敌,寒冰射手,腕豪,荒漠屠夫,岩雀,暗黑元首,残月之肃,深海泰坦
青钢影,法外狂徒,暮光星灵,虚空之女,魂锁典狱长,暗裔剑魔,盲僧,诡术妖姬,诺克萨斯统领,腕豪
雷霆咆哮,虚空遁地兽,解脱者,虚空之女,深海泰坦,武器大师,盲僧,发条魔灵,战争女神,魂锁典狱长
不屈之枪,巨魔之王,沙漠皇帝,寒冰射手,腕豪,青钢影,雷霆咆哮,英勇投弹手,惩戒之箭,弗雷尔卓德之心
海兽祭司,狂野女猎手,沙漠皇帝,残月之肃,魂锁典狱长,铁铠冥魂,狂战士,诡术妖姬,探险家,弗雷尔卓德之心
亡灵战神,盲僧,诡术妖姬,残月之肃,深海泰坦,荒漠屠夫,狂野女猎手,圣锤之毅,寒冰射手,弗雷尔卓德之心
山隐之焰,法外狂徒,英勇投弹手,寒冰射手,魂锁典狱长,齐天大圣,巨魔之王,时光守护者,残月之肃,河流之王
齐天大圣,盲僧,诡术妖姬,残月之肃,瓦洛兰之盾,不灭狂雷,时间刺客,荒漠屠夫,寒冰射手,天启者
青钢影,巨魔之王,机械公敌,残月之肃,腕豪,雷霆咆哮,狂野女猎手,诡术妖姬,寒冰射手,瓦洛兰之盾
青钢影,狂战士,正义巨像,寒冰射手,天启者,未来守护者,德玛西亚皇子,魔蛇之拥,齐天大圣,涤魂圣枪
未来守护者,死亡颂唱者,齐天大圣,残月之肃,弗雷尔卓德之心,铁铠冥魂,盲僧,暮光星灵,惩戒之箭,魂锁典狱长
荒漠屠夫,狂野女猎手,卡牌大师,戏命师,星界游神,齐天大圣,盲僧,正义巨像,寒冰射手,不屈之枪
正义天使,狂战士,冰霜女巫,探险家,天启者,山隐之焰,盲僧,诡术妖姬,残月之肃,星界游神
解脱者,法外狂徒,齐天大圣,惩戒之箭,天启者,青钢影,狂野女猎手,元素女皇,寒冰射手,河流之王
齐天大圣,法外狂徒,正义巨像,寒冰射手,腕豪,狂暴之心,盲僧,暗黑元首,残月之肃,深海泰坦
海洋之灾,不灭狂雷,沙漠皇帝,复仇之矛,堕落天使,放逐之刃,巨魔之王,时间刺客,探险家,弗雷尔卓德之心
雷霆咆哮,法外狂徒,机械公敌,探险家,深海泰坦,暗黑元首,永猎双子,山隐之焰,寒冰射手,弗雷尔卓德之心
圣锤之毅,巨魔之王,暮光星灵,惩戒之箭,弗雷尔卓德之心,海洋之灾,不灭狂雷,卡牌大师,残月之肃,不屈之枪
未来守护者,盲僧,离群之刺,惩戒之箭,河流之王,山隐之焰,狂战士,诡术妖姬,复仇之矛,曙光女神
雷霆咆哮,巨魔之王,暮光星灵,残月之肃,河流之王,铁铠冥魂,法外狂徒,正义巨像,复仇之矛,曙光女神
山隐之焰,盲僧,岩雀,惩戒之箭,魂锁典狱长,齐天大圣,巨魔之王,沙漠皇帝,探险家,深海泰坦
青钢影,不灭狂雷,诡术妖姬,深渊巨口,河流之王,铁铠冥魂,狂战士,暮光星灵,惩戒之箭,蒸汽机器人
虚空恐惧,巨魔之王,暮光星灵,探险家,河流之王,齐天大圣,狂野女猎手,正义巨像,残月之肃,弗雷尔卓德之心
山隐之焰,法外狂徒,时间刺客,残月之肃,深海泰坦,解脱者,永猎双子,暗黑元首,虚空之女,腕豪
正义天使,虚空遁地兽,发条魔灵,复仇之矛,暮光之眼,山隐之焰,盲僧,卡牌大师,探险家,深海泰坦
圣锤之毅,法外狂徒,正义巨像,残月之肃,魂锁典狱长,齐天大圣,巨魔之王,暗黑元首,探险家,不屈之枪
荒漠屠夫,雷霆咆哮,发条魔灵,虚空之女,魂锁典狱长,武器大师,巨魔之王,机械先驱,探险家,深海泰坦
山隐之焰,法外狂徒,爆破鬼才,复仇之矛,瓦洛兰之盾,海洋之灾,不灭狂雷,卡牌大师,寒冰射手,星界游神
荒漠屠夫,狂野女猎手,离群之刺,寒冰射手,曙光女神,齐天大圣,雷霆咆哮,正义巨像,赏金猎人,腕豪
无畏战车,雷霆咆哮,暗黑元首,残月之肃,星界游神,亡灵战神,虚空遁地兽,发条魔灵,探险家,仙灵女巫
荒漠屠夫,盲僧,沙漠皇帝,赏金猎人,酒桶,齐天大圣,巨魔之王,符文法师,残月之肃,腕豪
荒漠屠夫,盲僧,发条魔灵,戏命师,腕豪,未来守护者,时间刺客,正义巨像,寒冰射手,曙光女神
山隐之焰,龙血武姬,未来守护者,残月之肃,天启者,青钢影,雷霆咆哮,暗黑元首,麦林炮手,星界游神
迷失之牙,狂野女猎手,不屈之枪,虚空之女,弗雷尔卓德之心,荒漠屠夫,法外狂徒,暮光星灵,残月之肃,瓦洛兰之盾
不灭狂雷,虚空掠夺者,冰霜女巫,残月之肃,魂锁典狱长,青钢影,巨魔之王,正义巨像,寒冰射手,天启者
未来守护者,狂野女猎手,暮光星灵,寒冰射手,曙光女神,狂暴之心,腕豪,沙漠皇帝,探险家,星界游神
狂暴之心,雷霆咆哮,暗黑元首,寒冰射手,星界游神,齐天大圣,法外狂徒,卡牌大师,残月之肃,深海泰坦
铁铠冥魂,法外狂徒,暮光星灵,寒冰射手,深海泰坦,山隐之焰,永猎双子,卡牌大师,残月之肃,魂锁典狱长
荒漠屠夫,岩雀,腕豪,残月之肃,河流之王,青钢影,狂战士,解脱者,寒冰射手,星界游神
腕豪,法外狂徒,正义巨像,探险家,星界游神,不灭狂雷,盲僧,虚空行者,寒冰射手,天启者
山隐之焰,巨魔之王,解脱者,探险家,弗雷尔卓德之心,未来守护者,不灭狂雷,诡术妖姬,残月之肃,深海泰坦
铁铠冥魂,盲僧,暗黑元首,残月之肃,深海泰坦,山隐之焰,虚空遁地兽,英勇投弹手,寒冰射手,魂锁典狱长
海洋之灾,不灭狂雷,暮光星灵,惩戒之箭,深海泰坦,山隐之焰,巨魔之王,暗黑元首,探险家,魂锁典狱长
荒漠屠夫,不灭狂雷,卡牌大师,复仇之矛,曙光女神,青钢影,狂野女猎手,解脱者,残月之肃,暮光之眼
猩红收割者,永猎双子,诡术妖姬,残月之肃,魂锁典狱长,未来守护者,不灭狂雷,卡牌大师,探险家,河流之王
狂暴之心,法外狂徒,暮光星灵,复仇之矛,腕豪,荒漠屠夫,狂野女猎手,未来守护者,惩戒之箭,魂锁典狱长
山隐之焰,法外狂徒,暮光星灵,惩戒之箭,深海泰坦,雷霆咆哮,永猎双子,暗黑元首,残月之肃,魂锁典狱长
未来守护者,不灭狂雷,诡术妖姬,残月之肃,河流之王,齐天大圣,腕豪,暮光星灵,探险家,星界游神
雷霆咆哮,永猎双子,诡术妖姬,探险家,深海泰坦,齐天大圣,法外狂徒,暮光星灵,惩戒之箭,瓦洛兰之盾
腕豪,狂野女猎手,沙漠皇帝,寒冰射手,曙光女神,未来守护者,狂战士,发条魔灵,探险家,星界游神
荒漠屠夫,虚空掠夺者,天启者,残月之肃,深海泰坦,山隐之焰,法外狂徒,卡牌大师,寒冰射手,曙光女神
狂暴之心,巨魔之王,解脱者,残月之肃,腕豪,青钢影,盲僧,卡牌大师,复仇之矛,曙光女神
荒漠屠夫,巨魔之王,机械公敌,残月之肃,瓦洛兰之盾,暗裔剑魔,时间刺客,魔蛇之拥,惩戒之箭,深海泰坦
山隐之焰,不灭狂雷,暗黑元首,戏命师,河流之王,荒漠屠夫,死亡颂唱者,元素女皇,寒冰射手,魂锁典狱长
狂暴之心,法外狂徒,卡牌大师,残月之肃,魂锁典狱长,齐天大圣,永猎双子,正义巨像,寒冰射手,深海泰坦
山隐之焰,时间刺客,元素女皇,复仇之矛,腕豪,荒漠屠夫,巨魔之王,冰霜女巫,残月之肃,魂锁典狱长
解脱者,巨魔之王,诡术妖姬,寒冰射手,曙光女神,铁铠冥魂,法外狂徒,暮光星灵,残月之肃,深海泰坦
离群之刺,狂战士,暗黑元首,寒冰射手,弗雷尔卓德之心,无畏战车,虚空掠夺者,沙漠皇帝,残月之肃,深海泰坦
荒漠屠夫,狂野女猎手,未来守护者,复仇之矛,牛头酋长,铁铠冥魂,盲僧,不屈之枪,寒冰射手,弗雷尔卓德之心
不灭狂雷,法外狂徒,诡术妖姬,探险家,河流之王,狂暴之心,巨魔之王,暗黑元首,复仇之矛,深海泰坦
山隐之焰,永恒梦魇,发条魔灵,残月之肃,曙光女神,暗裔剑魔,狂野女猎手,卡牌大师,寒冰射手,天启者
荒漠屠夫,法外狂徒,解脱者,寒冰射手,生化魔人,雷霆咆哮,狂野女猎手,冰霜女巫,惩戒之箭,深海泰坦
刀锋舞者,盲僧,暗黑元首,寒冰射手,魂锁典狱长,齐天大圣,法外狂徒,正义巨像,惩戒之箭,深海泰坦
狂暴之心,不灭狂雷,发条魔灵,残月之肃,深海泰坦,解脱者,巨魔之王,机械公敌,探险家,魂锁典狱长
铁铠冥魂,盲僧,发条魔灵,寒冰射手,北地之怒,齐天大圣,巨魔之王,暮光星灵,残月之肃,星界游神
齐天大圣,盲僧,天启者,残月之肃,深海泰坦,山隐之焰,法外狂徒,卡牌大师,复仇之矛,魂锁典狱长
山隐之焰,腕豪,卡牌大师,残月之肃,魂锁典狱长,海洋之灾,不灭狂雷,解脱者,寒冰射手,深海泰坦
荒漠屠夫,不灭狂雷,发条魔灵,寒冰射手,弗雷尔卓德之心,山隐之焰,法外狂徒,时间刺客,残月之肃,腕豪
迷失之牙,法外狂徒,沙漠皇帝,寒冰射手,腕豪,雷霆咆哮,狂野女猎手,冰霜女巫,惩戒之箭,曙光女神
海洋之灾,雪原双子,元素女皇,探险家,深海泰坦,扭曲树精,法外狂徒,暗黑元首,寒冰射手,魂锁典狱长
齐天大圣,巨魔之王,解脱者,复仇之矛,魂锁典狱长,暗裔剑魔,蜘蛛女皇,卡牌大师,荣耀行刑官,腕豪
山隐之焰,巨魔之王,魔蛇之拥,虚空之女,深海泰坦,荒漠屠夫,雷霆咆哮,解脱者,寒冰射手,天启者
荒漠屠夫,狂野女猎手,刀锋舞者,深渊巨口,深海泰坦,铁铠冥魂,永猎双子,腕豪,残月之肃,曙光女神
荒漠屠夫,法外狂徒,时间刺客,探险家,仙灵女巫,不灭狂雷,永恒梦魇,发条魔灵,戏命师,瓦洛兰之盾
齐天大圣,盲僧,暮光星灵,涤魂圣枪,深海泰坦,荒漠屠夫,狂野女猎手,腕豪,探险家,星界游神
齐天大圣,狂野女猎手,刀锋舞者,复仇之矛,瓦洛兰之盾,铁铠冥魂,虚空遁地兽,暗黑元首,残月之肃,深海泰坦
山隐之焰,盲僧,冰霜女巫,惩戒之箭,魂锁典狱长,荒漠屠夫,时间刺客,腕豪,探险家,天启者
荒漠屠夫,不灭狂雷,卡牌大师,残月之肃,星界游神,机械公敌,法外狂徒,腕豪,逆羽,幻翎
解脱者,不灭狂雷,卡牌大师,寒冰射手,弗雷尔卓德之心,山隐之焰,时间刺客,正义巨像,残月之肃,深海泰坦
圣锤之毅,法外狂徒,暮光星灵,残月之肃,星界游神,狂暴之心,狂野女猎手,未来守护者,寒冰射手,天启者
齐天大圣,盲僧,诡术妖姬,残月之肃,魂锁典狱长,未来守护者,巨魔之王,暗黑元首,复仇之矛,蒸汽机器人
青钢影,时间刺客,腕豪,圣枪游侠,魔法猫咪,暗裔剑魔,巨魔之王,暮光星灵,探险家,星界游神
山隐之焰,虚空遁地兽,机械先驱,复仇之矛,腕豪,正义天使,巨魔之王,暮光星灵,寒冰射手,弗雷尔卓德之心
山隐之焰,巨魔之王,解脱者,虚空之女,深海泰坦,正义天使,雷霆咆哮,卡牌大师,残月之肃,星界游神
狂暴之心,狂战士,卡牌大师,寒冰射手,深海泰坦,未来守护者,盲僧,暗黑元首,残月之肃,星界游神
暗裔剑魔,雷霆咆哮,正义巨像,残月之肃,深海泰坦,铁铠冥魂,狂野女猎手,腕豪,寒冰射手,魂锁典狱长
狂暴之心,法外狂徒,卡牌大师,寒冰射手,星界游神,齐天大圣,不灭狂雷,机械公敌,虚空之女,深海泰坦
虚空恐惧,北地之怒,暮光星灵,复仇之矛,深海泰坦,亡灵战神,解脱者,影流之主,残月之肃,星界游神
正义天使,巨魔之王,机械先驱,探险家,曙光女神,铁铠冥魂,盲僧,发条魔灵,残月之肃,仙灵女巫
荒漠屠夫,狂野女猎手,腕豪,探险家,星界游神,山隐之焰,虚空遁地兽,天启者,残月之肃,深海泰坦
天启者,不灭狂雷,沙漠皇帝,寒冰射手,弗雷尔卓德之心,暗裔剑魔,巨魔之王,英勇投弹手,残月之肃,腕豪
不屈之枪,腕豪,正义巨像,残月之肃,星界游神,荒漠屠夫,盲僧,暮光星灵,寒冰射手,河流之王
青钢影,不灭狂雷,正义巨像,虚空之女,深海泰坦,荒漠屠夫,狂战士,暗黑元首,探险家,弗雷尔卓德之心
齐天大圣,法外狂徒,暗黑元首,涤魂圣枪,河流之王,铁铠冥魂,巨魔之王,发条魔灵,寒冰射手,魂锁典狱长
齐天大圣,盲僧,沙漠皇帝,残月之肃,深海泰坦,狂暴之心,腕豪,英勇投弹手,寒冰射手,不屈之枪
山隐之焰,盲僧,暗黑元首,探险家,曙光女神,时光守护者,巨魔之王,暮光星灵,残月之肃,深海泰坦
荒漠屠夫,巨魔之王,卡牌大师,寒冰射手,天启者,山隐之焰,法外狂徒,符文法师,探险家,星界游神
青钢影,狂战士,正义巨像,寒冰射手,天启者,未来守护者,盲僧,暗黑元首,残月之肃,河流之王
离群之刺,法外狂徒,腕豪,寒冰射手,魂锁典狱长,未来守护者,狂野女猎手,不屈之枪,复仇之矛,曙光女神
不灭狂雷,巨魔之王,暗黑元首,虚空之女,星界游神,山隐之焰,腕豪,发条魔灵,探险家,魔法猫咪
荒漠屠夫,巨魔之王,暮光星灵,戏命师,河流之王,狂暴之心,永猎双子,暗黑元首,惩戒之箭,星界游神
荒漠屠夫,法外狂徒,暮光星灵,寒冰射手,河流之王,铁铠冥魂,盲僧,符文法师,残月之肃,曙光女神
暮光之眼,虚空掠夺者,正义巨像,寒冰射手,弗雷尔卓德之心,不灭狂雷,狂野女猎手,不屈之枪,虚空之女,星界游神
诺克萨斯之手,永猎双子,暮光星灵,寒冰射手,深海泰坦,不灭狂雷,德玛西亚皇子,虚空先知,残月之肃,星界游神
山隐之焰,盲僧,暗黑元首,残月之肃,魂锁典狱长,荒漠屠夫,狂野女猎手,时间刺客,探险家,曙光女神
亡灵战神,不灭狂雷,暮光星灵,寒冰射手,深海泰坦,天启者,腕豪,疾风剑豪,深渊巨口,河流之王
迷失之牙,时间刺客,解脱者,残月之肃,魂锁典狱长,不灭狂雷,岩雀,腕豪,惩戒之箭,蒸汽机器人
铁铠冥魂,永恒梦魇,暗黑元首,寒冰射手,魂锁典狱长,山隐之焰,齐天大圣,发条魔灵,探险家,河流之王
不灭狂雷,永猎双子,天启者,探险家,深海泰坦,山隐之焰,法外狂徒,发条魔灵,寒冰射手,弗雷尔卓德之心
猩红收割者,虚空遁地兽,未来守护者,死亡颂唱者,魂锁典狱长,山隐之焰,虚空掠夺者,符文法师,寒冰射手,不屈之枪
不灭狂雷,法外狂徒,沙漠皇帝,惩戒之箭,河流之王,刀锋舞者,狂野女猎手,符文法师,残月之肃,曙光女神
武器大师,狂野女猎手,荒漠屠夫,惩戒之箭,曙光女神,狂暴之心,死亡颂唱者,不屈之枪,复仇之矛,不灭狂雷
荒漠屠夫,岩雀,不屈之枪,残月之肃,深海泰坦,山隐之焰,腕豪,暗黑元首,探险家,曙光女神
齐天大圣,法外狂徒,正义巨像,寒冰射手,曙光女神,铁铠冥魂,盲僧,暮光星灵,戏命师,深海泰坦
迷失之牙,狂野女猎手,天启者,战争女神,星界游神,亡灵战神,法外狂徒,暮光星灵,探险家,魂锁典狱长
青钢影,不灭狂雷,正义巨像,赏金猎人,曙光女神,山隐之焰,巨魔之王,解脱者,寒冰射手,弗雷尔卓德之心
天启者,盲僧,英勇投弹手,圣枪游侠,魔法猫咪,狂暴之心,狂战士,正义巨像,探险家,星界游神
荒漠屠夫,狂野女猎手,正义巨像,惩戒之箭,魂锁典狱长,青钢影,巨魔之王,发条魔灵,探险家,魔法猫咪
铁铠冥魂,狂战士,诡术妖姬,残月之肃,魂锁典狱长,不灭狂雷,盲僧,符文法师,寒冰射手,弗雷尔卓德之心
腕豪,死亡颂唱者,暮光星灵,探险家,魂锁典狱长,迷失之牙,法外狂徒,魔蛇之拥,虚空之女,深海泰坦
铁铠冥魂,不灭狂雷,时间刺客,暗夜猎手,弗雷尔卓德之心,齐天大圣,狂战士,解脱者,虚空之女,腕豪
未来守护者,死亡颂唱者,腕豪,残月之肃,堕落天使,不灭狂雷,永猎双子,正义巨像,惩戒之箭,幻翎
山隐之焰,巨魔之王,发条魔灵,探险家,不屈之枪,正义天使,腕豪,正义巨像,复仇之矛,魂锁典狱长
熔岩巨兽,法外狂徒,诡术妖姬,惩戒之箭,曙光女神,齐天大圣,狂野女猎手,解脱者,寒冰射手,堕落天使
未来守护者,盲僧,发条魔灵,寒冰射手,天启者,山隐之焰,法外狂徒,暮光星灵,探险家,星界游神
青钢影,不灭狂雷,沙漠皇帝,寒冰射手,正义天使,圣锤之毅,狂战士,天启者,残月之肃,瓦洛兰之盾
齐天大圣,不灭狂雷,卡牌大师,戏命师,星界游神,青钢影,法外狂徒,暮光星灵,寒冰射手,深海泰坦
狂暴之心,狂战士,正义巨像,探险家,魔法猫咪,齐天大圣,巨魔之王,暮光星灵,深渊巨口,仙灵女巫
山隐之焰,腕豪,正义巨像,复仇之矛,魂锁典狱长,荒漠屠夫,雷霆咆哮,卡牌大师,寒冰射手,河流之王
青钢影,不灭狂雷,沙漠皇帝,残月之肃,魂锁典狱长,山隐之焰,法外狂徒,深渊巨口,探险家,弗雷尔卓德之心
铁铠冥魂,盲僧,暮光星灵,惩戒之箭,魂锁典狱长,荒漠屠夫,巨魔之王,虚空行者,寒冰射手,河流之王
正义天使,圣锤之毅,暗黑元首,探险家,星界游神,海兽祭司,腕豪,虚空行者,圣枪游侠,魔法猫咪
齐天大圣,永猎双子,卡牌大师,虚空之女,深海泰坦,熔岩巨兽,巨魔之王,正义巨像,戏命师,魂锁典狱长
不灭狂雷,北地之怒,沙漠皇帝,涤魂圣枪,深海泰坦,亡灵战神,盲僧,暗黑元首,寒冰射手,星界游神
狂暴之心,虚空掠夺者,正义巨像,复仇之矛,瓦洛兰之盾,青钢影,巨魔之王,发条魔灵,虚空之女,深海泰坦
祖安狂人,腕豪,沙漠皇帝,赏金猎人,幻翎,亡灵战神,巨魔之王,发条魔灵,寒冰射手,荆棘之兴
青钢影,虚空掠夺者,正义巨像,爆破鬼才,星界游神,齐天大圣,不灭狂雷,天启者,惩戒之箭,魂锁典狱长
不灭狂雷,盲僧,英勇投弹手,残月之肃,魂锁典狱长,迷失之牙,狂战士,天启者,寒冰射手,星界游神
暗裔剑魔,狂野女猎手,解脱者,惩戒之箭,天启者,青钢影,虚空掠夺者,正义巨像,戏命师,蒸汽机器人
荒漠屠夫,蜘蛛女皇,卡牌大师,残月之肃,星界游神,铁铠冥魂,盲僧,暗黑元首,寒冰射手,幻翎
荒漠屠夫,狂野女猎手,圣枪游侠,爆破鬼才,曙光女神,铁铠冥魂,虚空遁地兽,暮光星灵,残月之肃,深海泰坦
荒漠屠夫,盲僧,正义巨像,寒冰射手,曙光女神,腕豪,雷霆咆哮,卡牌大师,戏命师,弗雷尔卓德之心
未来守护者,腕豪,卡牌大师,虚空之女,星界游神,暗裔剑魔,不灭狂雷,暮光星灵,探险家,幻翎
扭曲树精,时间刺客,未来守护者,探险家,星界游神,齐天大圣,解脱者,腕豪,战争女神,曙光女神
狂暴之心,狂战士,诡术妖姬,寒冰射手,天启者,未来守护者,德玛西亚皇子,沙漠皇帝,残月之肃,星界游神
狂暴之心,不灭狂雷,暗黑元首,探险家,河流之王,青钢影,狂野女猎手,卡牌大师,寒冰射手,曙光女神
荒漠屠夫,盲僧,正义巨像,寒冰射手,天启者,齐天大圣,巨魔之王,卡牌大师,探险家,星界游神
暗裔剑魔,腕豪,英勇投弹手,寒冰射手,荆棘之兴,狂暴之心,盲僧,发条魔灵,残月之肃,魂锁典狱长
山隐之焰,狂战士,暗黑元首,戏命师,深海泰坦,青钢影,法外狂徒,正义巨像,寒冰射手,星界游神
未来守护者,狂野女猎手,时间刺客,复仇之矛,瓦洛兰之盾,山隐之焰,狂战士,沙漠皇帝,探险家,魔法猫咪
不灭狂雷,腕豪,沙漠皇帝,圣枪游侠,弗雷尔卓德之心,青钢影,盲僧,正义巨像,暗夜猎手,魂锁典狱长
解脱者,盲僧,暮光星灵,惩戒之箭,魂锁典狱长,山隐之焰,狂战士,英勇投弹手,虚空之女,腕豪
狂暴之心,盲僧,卡牌大师,戏命师,深海泰坦,齐天大圣,法外狂徒,正义巨像,寒冰射手,弗雷尔卓德之心
山隐之焰,法外狂徒,暮光星灵,寒冰射手,深海泰坦,不灭狂雷,盲僧,发条魔灵,残月之肃,魂锁典狱长
山隐之焰,法外狂徒,卡牌大师,探险家,天启者,圣锤之毅,狂野女猎手,暮光星灵,虚空之女,魂锁典狱长
山隐之焰,盲僧,发条魔灵,惩戒之箭,仙灵女巫,荒漠屠夫,狂野女猎手,解脱者,涤魂圣枪,星界游神
山隐之焰,永猎双子,暮光星灵,寒冰射手,曙光女神,机械公敌,盲僧,疾风剑豪,残月之肃,腕豪
狂暴之心,法外狂徒,荒漠屠夫,探险家,深海泰坦,雷霆咆哮,盲僧,诡术妖姬,残月之肃,曙光女神
荒漠屠夫,狂野女猎手,腕豪,残月之肃,深海泰坦,狂暴之心,法外狂徒,诡术妖姬,寒冰射手,星界游神
铁铠冥魂,虚空遁地兽,卡牌大师,探险家,星界游神,海洋之灾,法外狂徒,圣枪游侠,残月之肃,暮光之眼
狂暴之心,盲僧,暗黑元首,皮城女警,天启者,暗裔剑魔,法外狂徒,时间刺客,探险家,幻翎
山隐之焰,法外狂徒,不屈之枪,探险家,曙光女神,荒漠屠夫,盲僧,离群之刺,残月之肃,深海泰坦
荒漠屠夫,狂战士,卡牌大师,惩戒之箭,深海泰坦,山隐之焰,法外狂徒,天启者,寒冰射手,曙光女神
铁铠冥魂,虚空遁地兽,卡牌大师,寒冰射手,星界游神,武器大师,法外狂徒,解脱者,残月之肃,仙灵女巫
铁铠冥魂,盲僧,诡术妖姬,寒冰射手,深海泰坦,山隐之焰,狂野女猎手,刀锋舞者,戏命师,魂锁典狱长
齐天大圣,北地之怒,发条魔灵,残月之肃,魂锁典狱长,熔岩巨兽,龙血武姬,麦林炮手,寒冰射手,不屈之枪
战争之影,狂野女猎手,卡牌大师,探险家,曙光女神,齐天大圣,虚空遁地兽,解脱者,惩戒之箭,魂锁典狱长
青钢影,狂野女猎手,不屈之枪,探险家,曙光女神,暗裔剑魔,法外狂徒,诡术妖姬,复仇之矛,星界游神
狂暴之心,虚空遁地兽,发条魔灵,寒冰射手,魂锁典狱长,荒漠屠夫,死亡颂唱者,圣枪游侠,戏命师,不屈之枪
山隐之焰,法外狂徒,暮光星灵,赏金猎人,深海泰坦,齐天大圣,盲僧,发条魔灵,寒冰射手,腕豪
符文法师,巨魔之王,暗黑元首,寒冰射手,曙光女神,狂暴之心,狂战士,暮光星灵,涤魂圣枪,齐天大圣
不灭狂雷,盲僧,暗黑元首,戏命师,魂锁典狱长,荒漠屠夫,法外狂徒,时间刺客,寒冰射手,星界游神
未来守护者,盲僧,解脱者,深渊巨口,星界游神,荒漠屠夫,狂野女猎手,发条魔灵,探险家,天启者
山隐之焰,永猎双子,天启者,残月之肃,魂锁典狱长,荒漠屠夫,酒桶,麦林炮手,寒冰射手,星界游神
天启者,巨魔之王,暗裔剑魔,探险家,曙光女神,不灭狂雷,永猎双子,正义巨像,残月之肃,星界游神
荒漠屠夫,巨魔之王,沙漠皇帝,复仇之矛,星界游神,不灭狂雷,法外狂徒,天启者,赏金猎人,魂锁典狱长
不灭狂雷,狂战士,卡牌大师,残月之肃,曙光女神,山隐之焰,雪原双子,暮光星灵,探险家,星界游神
青钢影,巨魔之王,卡牌大师,惩戒之箭,深海泰坦,不灭狂雷,永猎双子,正义巨像,寒冰射手,曙光女神
狂暴之心,狂战士,诡术妖姬,复仇之矛,腕豪,不灭狂雷,法外狂徒,解脱者,涤魂圣枪,牛头酋长
齐天大圣,法外狂徒,解脱者,复仇之矛,魂锁典狱长,山隐之焰,腕豪,发条魔灵,涤魂圣枪,弗雷尔卓德之心
山隐之焰,盲僧,铸星龙王,寒冰射手,曙光女神,荒漠屠夫,法外狂徒,暗黑元首,戏命师,星界游神
青钢影,狂野女猎手,不屈之枪,寒冰射手,曙光女神,狂暴之心,巨魔之王,诡术妖姬,残月之肃,魂锁典狱长
荒漠屠夫,巨魔之王,发条魔灵,复仇之矛,深海泰坦,山隐之焰,酒桶,圣枪游侠,寒冰射手,腕豪
圣锤之毅,法外狂徒,正义巨像,残月之肃,曙光女神,猩红收割者,虚空遁地兽,荒漠屠夫,寒冰射手,深海泰坦
狂暴之心,永恒梦魇,暮光星灵,残月之肃,星界游神,猩红收割者,腕豪,诡术妖姬,涤魂圣枪,魂锁典狱长
铁铠冥魂,雷霆咆哮,卡牌大师,探险家,曙光女神,海洋之灾,法外狂徒,暗黑元首,复仇之矛,深海泰坦
不灭狂雷,蜘蛛女皇,元素女皇,残月之肃,深海泰坦,山隐之焰,法外狂徒,英勇投弹手,涤魂圣枪,齐天大圣
亡灵战神,法外狂徒,沙漠皇帝,残月之肃,星界游神,海洋之灾,腕豪,英勇投弹手,探险家,幻翎
荒漠屠夫,狂野女猎手,解脱者,戏命师,曙光女神,山隐之焰,法外狂徒,正义巨像,惩戒之箭,深海泰坦
狂暴之心,巨魔之王,发条魔灵,残月之肃,深海泰坦,荒漠屠夫,不灭狂雷,暗黑元首,寒冰射手,弗雷尔卓德之心
天启者,腕豪,发条魔灵,残月之肃,河流之王,山隐之焰,虚空掠夺者,沙漠皇帝,探险家,深海泰坦
齐天大圣,狂野女猎手,暮光星灵,寒冰射手,星界游神,未来守护者,盲僧,发条魔灵,残月之肃,深海泰坦
不灭狂雷,狂战士,天启者,探险家,河流之王,武器大师,蜘蛛女皇,未来守护者,深渊巨口,不屈之枪
海洋之灾,巨魔之王,暗黑元首,寒冰射手,星界游神,虚空恐惧,狂战士,卡牌大师,涤魂圣枪,河流之王
山隐之焰,狂野女猎手,符文法师,残月之肃,不屈之枪,青钢影,不灭狂雷,未来守护者,深渊巨口,腕豪
山隐之焰,盲僧,沙漠皇帝,探险家,星界游神,解脱者,虚空掠夺者,卡牌大师,瘟疫之源,魔法猫咪
虚空恐惧,法外狂徒,发条魔灵,涤魂圣枪,曙光女神,荒漠屠夫,巨魔之王,暗黑元首,探险家,不屈之枪
荒漠屠夫,狂野女猎手,未来守护者,戏命师,魂锁典狱长,山隐之焰,法外狂徒,正义巨像,惩戒之箭,深海泰坦
荒漠屠夫,不灭狂雷,发条魔灵,残月之肃,曙光女神,无畏战车,法外狂徒,卡牌大师,寒冰射手,深海泰坦
无畏战车,法外狂徒,沙漠皇帝,寒冰射手,弗雷尔卓德之心,海洋之灾,不灭狂雷,暮光星灵,残月之肃,牛头酋长
暗裔剑魔,腕豪,沙漠皇帝,复仇之矛,曙光女神,虚空恐惧,虚空掠夺者,发条魔灵,涤魂圣枪,弗雷尔卓德之心
海洋之灾,狂野女猎手,元素女皇,戏命师,曙光女神,铁铠冥魂,法外狂徒,不屈之枪,惩戒之箭,深海泰坦
荒漠屠夫,腕豪,发条魔灵,寒冰射手,幻翎,狂暴之心,不灭狂雷,暮光星灵,探险家,星界游神
熔岩巨兽,盲僧,卡牌大师,探险家,不屈之枪,齐天大圣,腕豪,解脱者,寒冰射手,天启者
狂暴之心,不灭狂雷,机械先驱,戏命师,魂锁典狱长,解脱者,腕豪,暮光星灵,寒冰射手,星界游神
狂暴之心,不灭狂雷,深渊巨口,寒冰射手,深海泰坦,熔岩巨兽,德玛西亚皇子,发条魔灵,涤魂圣枪,河流之王
山隐之焰,狂野女猎手,腕豪,寒冰射手,不屈之枪,狂暴之心,法外狂徒,万花通灵,残月之肃,魂锁典狱长
齐天大圣,狂战士,暗黑元首,寒冰射手,仙灵女巫,未来守护者,法外狂徒,诡术妖姬,残月之肃,曙光女神
山隐之焰,巨魔之王,英勇投弹手,探险家,弗雷尔卓德之心,荒漠屠夫,不灭狂雷,时间刺客,残月之肃,魂锁典狱长
海洋之灾,法外狂徒,潮汐海灵,残月之肃,曙光女神,山隐之焰,不灭狂雷,暮光星灵,探险家,魂锁典狱长
山隐之焰,狂战士,暮光星灵,寒冰射手,幻翎,暗裔剑魔,狂野女猎手,发条魔灵,复仇之矛,瓦洛兰之盾
铁铠冥魂,盲僧,沙漠皇帝,复仇之矛,星界游神,天启者,腕豪,发条魔灵,涤魂圣枪,弗雷尔卓德之心
山隐之焰,不灭狂雷,雪原双子,探险家,深海泰坦,荒漠屠夫,狂野女猎手,解脱者,寒冰射手,星界游神
不灭狂雷,狂战士,正义巨像,探险家,不屈之枪,荒漠屠夫,蜘蛛女皇,解脱者,惩戒之箭,天启者
解脱者,法外狂徒,诡术妖姬,寒冰射手,魂锁典狱长,狂暴之心,腕豪,冰霜女巫,残月之肃,弗雷尔卓德之心
荒漠屠夫,法外狂徒,正义巨像,残月之肃,魂锁典狱长,海洋之灾,不灭狂雷,天启者,寒冰射手,弗雷尔卓德之心
山隐之焰,巨魔之王,暗黑元首,残月之肃,深海泰坦,解脱者,蜘蛛女皇,腕豪,探险家,星界游神
狂战士,岩雀,卡牌大师,寒冰射手,深海泰坦,雷霆咆哮,巨魔之王,发条魔灵,残月之肃,魂锁典狱长
未来守护者,德邦总管,天启者,复仇之矛,深海泰坦,圣锤之毅,狂野女猎手,离群之刺,暗夜猎手,星界游神
正义天使,虚空遁地兽,卡牌大师,涤魂圣枪,深海泰坦,刀锋舞者,狂战士,天启者,寒冰射手,弗雷尔卓德之心
不灭狂雷,狂野女猎手,未来守护者,复仇之矛,牛头酋长,齐天大圣,时间刺客,不屈之枪,惩戒之箭,深海泰坦
猩红收割者,永猎双子,雷霆咆哮,惩戒之箭,瓦洛兰之盾,迷失之牙,狂野女猎手,发条魔灵,复仇之矛,腕豪
齐天大圣,不灭狂雷,卡牌大师,复仇之矛,魂锁典狱长,山隐之焰,巨魔之王,永恒梦魇,残月之肃,深海泰坦
扭曲树精,狂野女猎手,刀锋舞者,寒冰射手,星界游神,猩红收割者,巨魔之王,诡术妖姬,残月之肃,魂锁典狱长
铁铠冥魂,不灭狂雷,英勇投弹手,残月之肃,瓦洛兰之盾,暗裔剑魔,法外狂徒,正义巨像,戏命师,深海泰坦
未来守护者,狂战士,暮光星灵,惩戒之箭,蒸汽机器人,圣枪游侠,不灭狂雷,暗黑元首,涤魂圣枪,河流之王
不灭狂雷,盲僧,暮光星灵,残月之肃,魂锁典狱长,荒漠屠夫,巨魔之王,机械公敌,探险家,星界游神
未来守护者,不灭狂雷,仙灵女巫,残月之肃,深海泰坦,青钢影,虚空掠夺者,诡术妖姬,寒冰射手,星界游神
荒漠屠夫,狂战士,诡术妖姬,复仇之矛,腕豪,暗裔剑魔,盲僧,暮光星灵,残月之肃,弗雷尔卓德之心
荒漠屠夫,盲僧,暗黑元首,寒冰射手,河流之王,海洋之灾,虚空遁地兽,卡牌大师,涤魂圣枪,深海泰坦
暗裔剑魔,巨魔之王,暗黑元首,戏命师,星界游神,祖安狂人,腕豪,发条魔灵,寒冰射手,深海泰坦
铁铠冥魂,雷霆咆哮,卡牌大师,寒冰射手,天启者,荒漠屠夫,巨魔之王,暮光星灵,残月之肃,弗雷尔卓德之心
诺克萨斯之手,虚空掠夺者,正义巨像,寒冰射手,星界游神,狂暴之心,不灭狂雷,沙漠皇帝,惩戒之箭,曙光女神
祖安狂人,盲僧,魔蛇之拥,涤魂圣枪,星界游神,山隐之焰,法外狂徒,卡牌大师,寒冰射手,天启者
圣锤之毅,盲僧,诡术妖姬,寒冰射手,魂锁典狱长,荒漠屠夫,不灭狂雷,机械公敌,残月之肃,深海泰坦
海洋之灾,狂战士,暗黑元首,深渊巨口,河流之王,荒漠屠夫,巨魔之王,正义巨像,残月之肃,魂锁典狱长
德玛西亚之翼,腕豪,暮光星灵,逆羽,深海泰坦,荒漠屠夫,狂野女猎手,正义巨像,探险家,星界游神
铁铠冥魂,狂野女猎手,未来守护者,复仇之矛,魂锁典狱长,暗裔剑魔,时间刺客,魔蛇之拥,惩戒之箭,深海泰坦
山隐之焰,法外狂徒,邪恶小法师,残月之肃,魂锁典狱长,齐天大圣,永猎双子,魔蛇之拥,寒冰射手,深海泰坦
狂暴之心,不灭狂雷,猩红收割者,残月之肃,魂锁典狱长,刀锋舞者,法外狂徒,正义巨像,探险家,星界游神
荒漠屠夫,法外狂徒,正义巨像,复仇之矛,深海泰坦,天启者,腕豪,沙漠皇帝,寒冰射手,弗雷尔卓德之心
未来守护者,不灭狂雷,卡牌大师,探险家,腕豪,齐天大圣,法外狂徒,解脱者,残月之肃,星界游神
狂暴之心,狂战士,暮光星灵,复仇之矛,弗雷尔卓德之心,解脱者,雷霆咆哮,离群之刺,惩戒之箭,腕豪
青钢影,法外狂徒,卡牌大师,寒冰射手,曙光女神,不灭狂雷,巨魔之王,天启者,涤魂圣枪,腕豪
狂暴之心,法外狂徒,正义巨像,寒冰射手,曙光女神,荒漠屠夫,不灭狂雷,暮光星灵,惩戒之箭,深海泰坦
符文法师,齐天大圣,暮光星灵,残月之肃,深海泰坦,天启者,狂战士,时间刺客,寒冰射手,瓦洛兰之盾
狂暴之心,盲僧,解脱者,残月之肃,魂锁典狱长,山隐之焰,巨魔之王,发条魔灵,寒冰射手,河流之王
青钢影,不灭狂雷,暮光星灵,寒冰射手,不屈之枪,荒漠屠夫,盲僧,天启者,残月之肃,深海泰坦
熔岩巨兽,腕豪,暗黑元首,虚空之女,星界游神,齐天大圣,狂野女猎手,九尾妖狐,探险家,曙光女神
齐天大圣,法外狂徒,堕落天使,寒冰射手,深海泰坦,扭曲树精,狂战士,卡牌大师,残月之肃,魂锁典狱长
荒漠屠夫,巨魔之王,发条魔灵,复仇之矛,深海泰坦,天启者,盲僧,暮光星灵,寒冰射手,魂锁典狱长
荒漠屠夫,腕豪,诡术妖姬,残月之肃,深海泰坦,天启者,巨魔之王,沙漠皇帝,寒冰射手,弗雷尔卓德之心
齐天大圣,法外狂徒,离群之刺,残月之肃,魂锁典狱长,铁铠冥魂,狂野女猎手,腕豪,寒冰射手,深海泰坦
狂暴之心,盲僧,暮光星灵,残月之肃,弗雷尔卓德之心,齐天大圣,不灭狂雷,卡牌大师,寒冰射手,魂锁典狱长
山隐之焰,虚空掠夺者,正义巨像,寒冰射手,深海泰坦,猩红收割者,巨魔之王,爆破鬼才,探险家,星界游神
青钢影,巨魔之王,正义巨像,寒冰射手,深海泰坦,天启者,盲僧,解脱者,探险家,星界游神
山隐之焰,虚空掠夺者,时间刺客,惩戒之箭,弗雷尔卓德之心,荒漠屠夫,解脱者,刀锋之影,残月之肃,曙光女神
亡灵战神,狂野女猎手,诡术妖姬,残月之肃,腕豪,山隐之焰,巨魔之王,发条魔灵,寒冰射手,弗雷尔卓德之心
荒漠屠夫,盲僧,卡牌大师,寒冰射手,魂锁典狱长,德玛西亚之翼,不灭狂雷,正义巨像,探险家,星界游神
山隐之焰,巨魔之王,暗黑元首,残月之肃,深海泰坦,齐天大圣,法外狂徒,天启者,复仇之矛,曙光女神
山隐之焰,盲僧,暮光星灵,寒冰射手,天启者,圣枪游侠,时间刺客,荒漠屠夫,残月之肃,蒸汽机器人
不灭狂雷,时间刺客,不屈之枪,惩戒之箭,曙光女神,狂暴之心,解脱者,腕豪,寒冰射手,深海泰坦
青钢影,法外狂徒,天启者,戏命师,曙光女神,山隐之焰,狂野女猎手,腕豪,寒冰射手,堕落天使
不灭狂雷,机械公敌,离群之刺,残月之肃,深海泰坦,山隐之焰,狂战士,暗黑元首,寒冰射手,魂锁典狱长
青钢影,死亡颂唱者,腕豪,赏金猎人,深海泰坦,铁铠冥魂,狂战士,解脱者,探险家,星界游神
山隐之焰,盲僧,暗黑元首,涤魂圣枪,星界游神,青钢影,巨魔之王,时间刺客,寒冰射手,弗雷尔卓德之心
荒漠屠夫,狂野女猎手,诡术妖姬,探险家,魂锁典狱长,迷失之牙,时间刺客,影流之主,寒冰射手,腕豪
不灭狂雷,盲僧,机械公敌,寒冰射手,深海泰坦,天启者,法外狂徒,山隐之焰,戏命师,曙光女神
炼金术士,永猎双子,发条魔灵,寒冰射手,魂锁典狱长,齐天大圣,法外狂徒,机械公敌,残月之肃,星界游神
齐天大圣,永恒梦魇,暗黑元首,惩戒之箭,深海泰坦,未来守护者,时间刺客,不屈之枪,戏命师,魂锁典狱长
山隐之焰,狂野女猎手,暮光星灵,虚空之女,腕豪,正义天使,虚空掠夺者,荒漠屠夫,探险家,星界游神
荒漠屠夫,狂野女猎手,离群之刺,寒冰射手,曙光女神,山隐之焰,不灭狂雷,沙漠皇帝,涤魂圣枪,星界游神
未来守护者,狂野女猎手,荒漠屠夫,探险家,腕豪,猩红收割者,雷霆咆哮,暗黑元首,惩戒之箭,深海泰坦
铁铠冥魂,不灭狂雷,暗黑元首,探险家,腕豪,齐天大圣,法外狂徒,正义巨像,寒冰射手,河流之王
山隐之焰,法外狂徒,发条魔灵,惩戒之箭,深海泰坦,铁铠冥魂,永猎双子,正义巨像,复仇之矛,曙光女神
荒漠屠夫,虚空遁地兽,猩红收割者,寒冰射手,魂锁典狱长,雷霆咆哮,法外狂徒,虚空先知,残月之肃,深海泰坦
迷失之牙,盲僧,天启者,残月之肃,曙光女神,暗裔剑魔,时间刺客,荒漠屠夫,涤魂圣枪,深海泰坦
天启者,武器大师,离群之刺,复仇之矛,幻翎,万花通灵,不灭狂雷,发条魔灵,探险家,河流之王
不灭狂雷,狂战士,暮光星灵,寒冰射手,深海泰坦,迷失之牙,盲僧,天启者,残月之肃,弗雷尔卓德之心
狂暴之心,解脱者,不屈之枪,残月之肃,曙光女神,齐天大圣,不灭狂雷,诡术妖姬,寒冰射手,星界游神
齐天大圣,时间刺客,圣枪游侠,虚空之女,腕豪,未来守护者,盲僧,暮光星灵,探险家,弗雷尔卓德之心
铁铠冥魂,狂野女猎手,未来守护者,复仇之矛,魂锁典狱长,荒漠屠夫,法外狂徒,诡术妖姬,戏命师,腕豪
解脱者,盲僧,发条魔灵,寒冰射手,弗雷尔卓德之心,狂暴之心,虚空遁地兽,卡牌大师,残月之肃,幻翎
海洋之灾,狂野女猎手,腕豪,虚空之女,深海泰坦,圣枪游侠,虚空遁地兽,天启者,探险家,星界游神
迷失之牙,永猎双子,暗黑元首,寒冰射手,魂锁典狱长,铁铠冥魂,巨魔之王,时间刺客,戏命师,深海泰坦
青钢影,狂战士,万花通灵,探险家,深海泰坦,山隐之焰,盲僧,暮光星灵,复仇之矛,曙光女神
山隐之焰,巨魔之王,暮光星灵,残月之肃,深海泰坦,荒漠屠夫,不灭狂雷,发条魔灵,深渊巨口,魂锁典狱长
青钢影,盲僧,卡牌大师,寒冰射手,天启者,圣锤之毅,虚空遁地兽,暮光星灵,残月之肃,星界游神
青钢影,法外狂徒,天启者,探险家,曙光女神,荒漠屠夫,不灭狂雷,暗黑元首,寒冰射手,河流之王
解脱者,巨魔之王,诡术妖姬,惩戒之箭,天启者,狂暴之心,盲僧,暮光星灵,探险家,曙光女神
荒漠屠夫,盲僧,英勇投弹手,寒冰射手,曙光女神,天启者,虚空遁地兽,岩雀,探险家,弗雷尔卓德之心
荒漠屠夫,狂野女猎手,冰霜女巫,探险家,星界游神,海洋之灾,巨魔之王,诡术妖姬,寒冰射手,深海泰坦
山隐之焰,法外狂徒,正义巨像,残月之肃,深海泰坦,暗裔剑魔,巨魔之王,卡牌大师,寒冰射手,魂锁典狱长
齐天大圣,虚空掠夺者,暗黑元首,探险家,弗雷尔卓德之心,荒漠屠夫,时间刺客,腕豪,残月之肃,深海泰坦
机械公敌,不灭狂雷,疾风剑豪,探险家,曙光女神,圣锤之毅,盲僧,暮光星灵,残月之肃,正义巨像
荒漠屠夫,狂野女猎手,符文法师,寒冰射手,不屈之枪,齐天大圣,虚空遁地兽,天启者,涤魂圣枪,河流之王
山隐之焰,法外狂徒,天启者,暴走萝莉,魂锁典狱长,荒漠屠夫,盲僧,皎月女神,寒冰射手,深海泰坦
荒漠屠夫,狂野女猎手,沙漠皇帝,复仇之矛,深海泰坦,齐天大圣,法外狂徒,天启者,涤魂圣枪,河流之王
未来守护者,死亡颂唱者,时间刺客,寒冰射手,河流之王,齐天大圣,腕豪,暗黑元首,逆羽,幻翎
青钢影,不灭狂雷,正义巨像,探险家,星界游神,山隐之焰,盲僧,暮光星灵,寒冰射手,曙光女神
荒漠屠夫,狂野女猎手,发条魔灵,残月之肃,深海泰坦,齐天大圣,法外狂徒,天启者,涤魂圣枪,弗雷尔卓德之心
狂暴之心,不灭狂雷,正义巨像,探险家,深海泰坦,山隐之焰,腕豪,沙漠皇帝,残月之肃,幻翎
暗裔剑魔,不灭狂雷,发条魔灵,残月之肃,深海泰坦,铁铠冥魂,巨魔之王,暗黑元首,暴走萝莉,魂锁典狱长
迷失之牙,盲僧,天启者,残月之肃,曙光女神,狂暴之心,时间刺客,荒漠屠夫,涤魂圣枪,深海泰坦
扭曲树精,腕豪,暮光星灵,寒冰射手,深海泰坦,狂暴之心,不灭狂雷,正义巨像,复仇之矛,堕落天使
不灭狂雷,永猎双子,暗黑元首,寒冰射手,瓦洛兰之盾,暗裔剑魔,法外狂徒,发条魔灵,涤魂圣枪,深海泰坦
青钢影,德玛西亚皇子,诡术妖姬,惩戒之箭,腕豪,暗裔剑魔,盲僧,暮光星灵,探险家,天启者
山隐之焰,法外狂徒,天启者,惩戒之箭,魂锁典狱长,正义天使,巨魔之王,卡牌大师,残月之肃,星界游神
齐天大圣,法外狂徒,正义巨像,寒冰射手,魂锁典狱长,狂暴之心,腕豪,发条魔灵,逆羽,星界游神
狂暴之心,巨魔之王,雪原双子,残月之肃,深海泰坦,未来守护者,不灭狂雷,发条魔灵,赏金猎人,曙光女神
迷失之牙,不灭狂雷,沙漠皇帝,探险家,星界游神,荒漠屠夫,狂野女猎手,腕豪,虚空之女,不屈之枪
荒漠屠夫,狂野女猎手,诡术妖姬,戏命师,星界游神,青钢影,时间刺客,天启者,寒冰射手,魂锁典狱长
机械公敌,不灭狂雷,疾风剑豪,逆羽,幻翎,齐天大圣,远古恐惧,刀锋舞者,残月之肃,魂锁典狱长
不灭狂雷,北地之怒,解脱者,寒冰射手,星界游神,天启者,巨魔之王,沙漠皇帝,戏命师,深海泰坦
狂暴之心,不灭狂雷,暮光星灵,寒冰射手,魂锁典狱长,迷失之牙,狂野女猎手,诡术妖姬,戏命师,深海泰坦
解脱者,虚空遁地兽,刀锋之影,虚空之女,幻翎,铁铠冥魂,盲僧,青钢影,残月之肃,深海泰坦
解脱者,狂战士,暮光星灵,残月之肃,魂锁典狱长,铁铠冥魂,不灭狂雷,魔蛇之拥,寒冰射手,曙光女神
青钢影,盲僧,卡牌大师,惩戒之箭,深海泰坦,齐天大圣,腕豪,机械公敌,寒冰射手,星界游神
刀锋舞者,法外狂徒,暗黑元首,寒冰射手,腕豪,海洋之灾,狂野女猎手,潮汐海灵,复仇之矛,魂锁典狱长
荒漠屠夫,法外狂徒,卡牌大师,寒冰射手,魔法猫咪,无畏战车,盲僧,解脱者,探险家,星界游神
齐天大圣,北地之怒,暗黑元首,寒冰射手,星界游神,铁铠冥魂,狂野女猎手,未来守护者,虚空之女,不屈之枪
暗裔剑魔,狂野女猎手,发条魔灵,戏命师,深海泰坦,铁铠冥魂,法外狂徒,潮汐海灵,寒冰射手,魂锁典狱长
战争之影,不灭狂雷,天启者,残月之肃,魂锁典狱长,齐天大圣,狂野女猎手,卡牌大师,寒冰射手,河流之王
齐天大圣,盲僧,虚空行者,残月之肃,魂锁典狱长,天启者,法外狂徒,暮光星灵,探险家,深海泰坦
齐天大圣,巨魔之王,发条魔灵,惩戒之箭,弗雷尔卓德之心,铁铠冥魂,龙血武姬,未来守护者,复仇之矛,腕豪
天启者,时间刺客,腕豪,逆羽,酒桶,青钢影,北地之怒,卡牌大师,寒冰射手,弗雷尔卓德之心
荒漠屠夫,法外狂徒,堕落天使,寒冰射手,魂锁典狱长,狂暴之心,盲僧,卡牌大师,探险家,弗雷尔卓德之心
暗裔剑魔,永猎双子,发条魔灵,惩戒之箭,腕豪,海洋之灾,狂野女猎手,荒漠屠夫,残月之肃,曙光女神
荒漠屠夫,狂战士,发条魔灵,探险家,星界游神,齐天大圣,永猎双子,暗黑元首,疾风剑豪,涤魂圣枪
武器大师,巨魔之王,刀锋之影,虚空之女,幻翎,铁铠冥魂,狂战士,潮汐海灵,残月之肃,魂锁典狱长
未来守护者,时间刺客,腕豪,探险家,星界游神,刀锋舞者,巨魔之王,沙漠皇帝,寒冰射手,曙光女神
熔岩巨兽,德玛西亚皇子,发条魔灵,涤魂圣枪,河流之王,不灭狂雷,狂野女猎手,英勇投弹手,寒冰射手,仙灵女巫
荒漠屠夫,盲僧,解脱者,寒冰射手,弗雷尔卓德之心,海洋之灾,法外狂徒,卡牌大师,涤魂圣枪,曙光女神
山隐之焰,狂野女猎手,沙漠皇帝,寒冰射手,魂锁典狱长,未来守护者,巨魔之王,发条魔灵,探险家,弗雷尔卓德之心
迷失之牙,狂战士,正义巨像,探险家,弗雷尔卓德之心,未来守护者,盲僧,诡术妖姬,复仇之矛,深海泰坦
不灭狂雷,盲僧,正义巨像,寒冰射手,深海泰坦,迷失之牙,狂野女猎手,卡牌大师,戏命师,曙光女神
虚空恐惧,法外狂徒,符文法师,涤魂圣枪,星界游神,海洋之灾,腕豪,魔蛇之拥,死亡颂唱者,曙光女神
荒漠屠夫,不灭狂雷,天启者,复仇之矛,瓦洛兰之盾,海洋之灾,法外狂徒,正义巨像,寒冰射手,牛头酋长
狂暴之心,盲僧,卡牌大师,逆羽,幻翎,青钢影,北地之怒,沙漠皇帝,寒冰射手,弗雷尔卓德之心
狂暴之心,巨魔之王,发条魔灵,残月之肃,星界游神,未来守护者,狂战士,暗黑元首,探险家,深海泰坦
武器大师,永猎双子,腕豪,惩戒之箭,魂锁典狱长,齐天大圣,狂野女猎手,疾风剑豪,麦林炮手,曙光女神
青钢影,狂野女猎手,卡牌大师,虚空之女,腕豪,荒漠屠夫,永猎双子,天启者,寒冰射手,深海泰坦
荒漠屠夫,腕豪,英勇投弹手,残月之肃,魂锁典狱长,青钢影,巨魔之王,卡牌大师,涤魂圣枪,河流之王
铁铠冥魂,巨魔之王,天启者,残月之肃,深海泰坦,未来守护者,狂野女猎手,暮光星灵,寒冰射手,弗雷尔卓德之心
熔岩巨兽,狂战士,正义巨像,探险家,曙光女神,狂暴之心,不灭狂雷,圣枪游侠,残月之肃,魂锁典狱长
山隐之焰,法外狂徒,虚空行者,寒冰射手,河流之王,铁铠冥魂,盲僧,诡术妖姬,复仇之矛,星界游神
未来守护者,盲僧,正义巨像,寒冰射手,弗雷尔卓德之心,荒漠屠夫,法外狂徒,暗黑元首,戏命师,幻翎
铁铠冥魂,不灭狂雷,暗黑元首,复仇之矛,曙光女神,狂暴之心,盲僧,时间刺客,寒冰射手,牛头酋长
齐天大圣,巨魔之王,发条魔灵,复仇之矛,魂锁典狱长,青钢影,不灭狂雷,卡牌大师,残月之肃,深海泰坦
无畏战车,腕豪,发条魔灵,探险家,弗雷尔卓德之心,山隐之焰,虚空掠夺者,沙漠皇帝,涤魂圣枪,深海泰坦
荒漠屠夫,法外狂徒,不屈之枪,虚空之女,深海泰坦,迷失之牙,不灭狂雷,卡牌大师,残月之肃,曙光女神
铁铠冥魂,盲僧,英勇投弹手,复仇之矛,魂锁典狱长,齐天大圣,巨魔之王,暗黑元首,探险家,深海泰坦
青钢影,不灭狂雷,魔蛇之拥,探险家,弗雷尔卓德之心,武器大师,盲僧,正义巨像,复仇之矛,曙光女神
青钢影,解脱者,腕豪,复仇之矛,魂锁典狱长,未来守护者,不灭狂雷,仙灵女巫,惩戒之箭,弗雷尔卓德之心
狂暴之心,虚空掠夺者,正义巨像,残月之肃,星界游神,天启者,德玛西亚皇子,暗黑元首,赏金猎人,魂锁典狱长
青钢影,盲僧,天启者,寒冰射手,深海泰坦,暗裔剑魔,狂野女猎手,刀锋之影,残月之肃,魂锁典狱长
荒漠屠夫,腕豪,暮光星灵,寒冰射手,星界游神,铁铠冥魂,盲僧,暗黑元首,涤魂圣枪,幻翎
齐天大圣,腕豪,暗黑元首,探险家,魔法猫咪,熔岩巨兽,法外狂徒,卡牌大师,虚空之女,曙光女神
不灭狂雷,狂野女猎手,诡术妖姬,虚空之女,牛头酋长,狂暴之心,狂战士,解脱者,探险家,曙光女神
荒漠屠夫,永恒梦魇,符文法师,深渊巨口,魂锁典狱长,海洋之灾,巨魔之王,诡术妖姬,探险家,深海泰坦
青钢影,盲僧,正义巨像,涤魂圣枪,齐天大圣,猩红收割者,狂战士,卡牌大师,残月之肃,深海泰坦
青钢影,永恒梦魇,卡牌大师,寒冰射手,魂锁典狱长,齐天大圣,酒桶,解脱者,戏命师,不屈之枪
狂暴之心,不屈之枪,诡术妖姬,残月之肃,幻翎,解脱者,巨魔之王,暮光星灵,战争女神,星界游神
不灭狂雷,永恒梦魇,符文法师,寒冰射手,星界游神,齐天大圣,北地之怒,魔蛇之拥,残月之肃,魂锁典狱长
狂暴之心,腕豪,暗黑元首,复仇之矛,深海泰坦,扭曲树精,不灭狂雷,诡术妖姬,寒冰射手,曙光女神
山隐之焰,死亡颂唱者,天启者,残月之肃,腕豪,荒漠屠夫,巨魔之王,暗黑元首,虚空之女,弗雷尔卓德之心
不灭狂雷,巨魔之王,暗黑元首,探险家,星界游神,山隐之焰,法外狂徒,正义巨像,残月之肃,深海泰坦
荒漠屠夫,法外狂徒,正义巨像,寒冰射手,河流之王,青钢影,不灭狂雷,卡牌大师,涤魂圣枪,曙光女神
未来守护者,腕豪,卡牌大师,惩戒之箭,仙灵女巫,熔岩巨兽,虚空掠夺者,正义巨像,虚空之女,星界游神
齐天大圣,永恒梦魇,解脱者,残月之肃,堕落天使,熔岩巨兽,巨魔之王,沙漠皇帝,寒冰射手,魂锁典狱长
牧魂人,不灭狂雷,机械公敌,寒冰射手,幻翎,解脱者,法外狂徒,符文法师,探险家,河流之王
海洋之灾,盲僧,不屈之枪,残月之肃,魂锁典狱长,暗裔剑魔,虚空遁地兽,沙漠皇帝,寒冰射手,天启者
狂暴之心,不灭狂雷,时间刺客,涤魂圣枪,河流之王,未来守护者,北地之怒,发条魔灵,皮城女警,寒冰射手
未来守护者,法外狂徒,暮光星灵,戏命师,天启者,亡灵战神,永猎双子,暗黑元首,寒冰射手,蒸汽机器人
青钢影,虚空掠夺者,正义巨像,死亡颂唱者,魔法猫咪,铁铠冥魂,不灭狂雷,英勇投弹手,探险家,星界游神
山隐之焰,狂野女猎手,英勇投弹手,残月之肃,深海泰坦,解脱者,巨魔之王,沙漠皇帝,探险家,弗雷尔卓德之心
解脱者,狂战士,沙漠皇帝,探险家,天启者,山隐之焰,德玛西亚皇子,英勇投弹手,残月之肃,仙灵女巫
山隐之焰,法外狂徒,沙漠皇帝,寒冰射手,河流之王,无双剑姬,不灭狂雷,时间刺客,涤魂圣枪,弗雷尔卓德之心
荒漠屠夫,不灭狂雷,暗黑元首,寒冰射手,不屈之枪,山隐之焰,狂战士,发条魔灵,涤魂圣枪,弗雷尔卓德之心
青钢影,北地之怒,沙漠皇帝,探险家,星界游神,狂暴之心,盲僧,诡术妖姬,残月之肃,深海泰坦
暗裔剑魔,狂战士,解脱者,寒冰射手,深海泰坦,齐天大圣,法外狂徒,发条魔灵,探险家,曙光女神
暮光之眼,巨魔之王,离群之刺,残月之肃,深海泰坦,不灭狂雷,法外狂徒,沙漠皇帝,探险家,腕豪
腕豪,盲僧,暗黑元首,寒冰射手,星界游神,海洋之灾,不灭狂雷,暮光星灵,残月之肃,牛头酋长
不灭狂雷,虚空掠夺者,暗黑元首,探险家,魂锁典狱长,无畏战车,狂野女猎手,符文法师,寒冰射手,深海泰坦
齐天大圣,法外狂徒,正义巨像,寒冰射手,天启者,狂暴之心,不灭狂雷,沙漠皇帝,探险家,星界游神
不灭狂雷,虚空掠夺者,天启者,残月之肃,魂锁典狱长,青钢影,法外狂徒,诡术妖姬,探险家,曙光女神
山隐之焰,远古恐惧,未来守护者,探险家,深海泰坦,不灭狂雷,盲僧,暗黑元首,复仇之矛,星界游神
海洋之灾,腕豪,卡牌大师,残月之肃,星界游神,山隐之焰,巨魔之王,死亡颂唱者,寒冰射手,堕落天使
齐天大圣,狂野女猎手,正义巨像,惩戒之箭,蒸汽机器人,青钢影,永恒梦魇,沙漠皇帝,寒冰射手,魂锁典狱长
山隐之焰,法外狂徒,暮光星灵,探险家,深海泰坦,放逐之刃,腕豪,发条魔灵,寒冰射手,星界游神
未来守护者,法外狂徒,暮光星灵,复仇之矛,深海泰坦,山隐之焰,永猎双子,暗黑元首,残月之肃,魂锁典狱长
齐天大圣,狂野女猎手,卡牌大师,探险家,曙光女神,狂暴之心,法外狂徒,堕落天使,残月之肃,魂锁典狱长
荒漠屠夫,不灭狂雷,暗黑元首,寒冰射手,魂锁典狱长,德玛西亚之翼,虚空遁地兽,卡牌大师,残月之肃,星界游神
熔岩巨兽,狂战士,暗黑元首,寒冰射手,瓦洛兰之盾,解脱者,腕豪,发条魔灵,涤魂圣枪,深海泰坦
铁铠冥魂,永猎双子,永恒梦魇,残月之肃,魂锁典狱长,机械公敌,狂野女猎手,腕豪,惩戒之箭,河流之王
荒漠屠夫,不灭狂雷,暮光星灵,残月之肃,星界游神,狂暴之心,巨魔之王,齐天大圣,寒冰射手,天启者
迷失之牙,狂野女猎手,诡术妖姬,寒冰射手,魂锁典狱长,山隐之焰,狂战士,离群之刺,涤魂圣枪,腕豪
正义天使,蜘蛛女皇,荒漠屠夫,皮城女警,深海泰坦,山隐之焰,不灭狂雷,离群之刺,寒冰射手,星界游神
不灭狂雷,狂野女猎手,腕豪,残月之肃,魂锁典狱长,迷失之牙,虚空掠夺者,正义巨像,惩戒之箭,河流之王
无畏战车,盲僧,暮光星灵,探险家,曙光女神,青钢影,腕豪,诡术妖姬,残月之肃,魂锁典狱长
未来守护者,巨魔之王,沙漠皇帝,探险家,星界游神,狂暴之心,狂战士,天启者,残月之肃,蒸汽机器人
铁铠冥魂,德玛西亚皇子,暗黑元首,寒冰射手,河流之王,齐天大圣,不灭狂雷,诡术妖姬,残月之肃,深海泰坦
山隐之焰,盲僧,暮光星灵,寒冰射手,牛头酋长,狂暴之心,永恒梦魇,发条魔灵,涤魂圣枪,河流之王
猩红收割者,盲僧,时间刺客,复仇之矛,腕豪,狂暴之心,巨魔之王,沙漠皇帝,寒冰射手,不屈之枪
武器大师,巨魔之王,发条魔灵,戏命师,魂锁典狱长,无畏战车,不灭狂雷,暮光星灵,寒冰射手,天启者
扭曲树精,盲僧,暗黑元首,虚空之女,深海泰坦,亡灵战神,腕豪,发条魔灵,探险家,星界游神
狂暴之心,法外狂徒,沙漠皇帝,残月之肃,深海泰坦,荒漠屠夫,不灭狂雷,解脱者,复仇之矛,魂锁典狱长
山隐之焰,不灭狂雷,暗黑元首,寒冰射手,深海泰坦,荒漠屠夫,法外狂徒,魔蛇之拥,残月之肃,魂锁典狱长
海洋之灾,腕豪,英勇投弹手,戏命师,血港鬼影,天启者,虚空掠夺者,解脱者,探险家,星界游神
荒漠屠夫,岩雀,正义巨像,寒冰射手,深海泰坦,山隐之焰,法外狂徒,诡术妖姬,戏命师,魂锁典狱长
铁铠冥魂,不灭狂雷,沙漠皇帝,寒冰射手,深海泰坦,武器大师,巨魔之王,正义巨像,探险家,魔法猫咪
铁铠冥魂,虚空掠夺者,暗黑元首,涤魂圣枪,星界游神,亡灵战神,腕豪,沙漠皇帝,残月之肃,深海泰坦
荒漠屠夫,巨魔之王,卡牌大师,探险家,曙光女神,铁铠冥魂,不灭狂雷,暮光星灵,复仇之矛,深海泰坦
狂暴之心,不灭狂雷,卡牌大师,寒冰射手,星界游神,铁铠冥魂,法外狂徒,正义巨像,戏命师,深海泰坦
离群之刺,巨魔之王,元素女皇,寒冰射手,弗雷尔卓德之心,齐天大圣,不灭狂雷,发条魔灵,逆羽,幻翎
未来守护者,巨魔之王,青钢影,大发明家,涤魂圣枪,狂暴之心,腕豪,暮光星灵,残月之肃,魂锁典狱长
齐天大圣,法外狂徒,猩红收割者,寒冰射手,曙光女神,铁铠冥魂,酒桶,腕豪,探险家,星界游神
铁铠冥魂,盲僧,猩红收割者,戏命师,深海泰坦,荒漠屠夫,法外狂徒,暗黑元首,寒冰射手,弗雷尔卓德之心
荒漠屠夫,狂战士,卡牌大师,复仇之矛,幻翎,山隐之焰,永恒梦魇,暗黑元首,探险家,星界游神
腕豪,不灭狂雷,诡术妖姬,复仇之矛,深海泰坦,山隐之焰,法外狂徒,正义巨像,探险家,曙光女神
未来守护者,巨魔之王,解脱者,赏金猎人,魂锁典狱长,熔岩巨兽,永恒梦魇,暗黑元首,复仇之矛,瓦洛兰之盾
解脱者,岩雀,腕豪,荣耀行刑官,魂锁典狱长,山隐之焰,法外狂徒,天启者,皮城女警,河流之王
青钢影,不灭狂雷,正义巨像,探险家,弗雷尔卓德之心,荒漠屠夫,蜘蛛女皇,永恒梦魇,寒冰射手,深海泰坦
荒漠屠夫,狂野女猎手,沙漠皇帝,寒冰射手,魂锁典狱长,暗裔剑魔,不灭狂雷,暮光星灵,探险家,河流之王
熔岩巨兽,不灭狂雷,暮光星灵,虚空之女,魂锁典狱长,齐天大圣,法外狂徒,深渊巨口,探险家,腕豪
山隐之焰,法外狂徒,机械公敌,暴走萝莉,魂锁典狱长,荒漠屠夫,永猎双子,卡牌大师,寒冰射手,河流之王
铁铠冥魂,不灭狂雷,卡牌大师,惩戒之箭,星界游神,海洋之灾,巨魔之王,正义巨像,涤魂圣枪,天启者
荒漠屠夫,法外狂徒,正义巨像,逆羽,幻翎,扭曲树精,巨魔之王,英勇投弹手,寒冰射手,魂锁典狱长
暗夜猎手,不灭狂雷,正义巨像,寒冰射手,深海泰坦,铁铠冥魂,狂战士,诡术妖姬,残月之肃,魂锁典狱长
荒漠屠夫,腕豪,探险家,死亡颂唱者,血港鬼影,海洋之灾,不灭狂雷,暗黑元首,寒冰射手,曙光女神
青钢影,虚空掠夺者,正义巨像,探险家,星界游神,无双剑姬,盲僧,魔蛇之拥,涤魂圣枪,深海泰坦
铁铠冥魂,永猎双子,离群之刺,残月之肃,魂锁典狱长,无双剑姬,时间刺客,腕豪,寒冰射手,蒸汽机器人
铁铠冥魂,不灭狂雷,暗黑元首,惩戒之箭,魂锁典狱长,齐天大圣,巨魔之王,沙漠皇帝,寒冰射手,弗雷尔卓德之心
暗裔剑魔,狂战士,英勇投弹手,残月之肃,弗雷尔卓德之心,荒漠屠夫,不灭狂雷,沙漠皇帝,复仇之矛,牛头酋长
齐天大圣,狂战士,英勇投弹手,残月之肃,天启者,荒漠屠夫,狂野女猎手,沙漠皇帝,寒冰射手,不屈之枪
青钢影,不灭狂雷,诡术妖姬,残月之肃,深海泰坦,海洋之灾,蜘蛛女皇,腕豪,复仇之矛,曙光女神
荒漠屠夫,狂战士,卡牌大师,逆羽,幻翎,青钢影,死亡颂唱者,正义巨像,涤魂圣枪,河流之王
青钢影,生化魔人,解脱者,探险家,魂锁典狱长,不灭狂雷,盲僧,暮光星灵,寒冰射手,星界游神
山隐之焰,德玛西亚皇子,暗黑元首,寒冰射手,深海泰坦,青钢影,含羞蓓蕾,离群之刺,皮城女警,星界游神
未来守护者,不灭狂雷,发条魔灵,寒冰射手,深海泰坦,山隐之焰,盲僧,暮光星灵,探险家,弗雷尔卓德之心
狂暴之心,不灭狂雷,卡牌大师,探险家,深海泰坦,荒漠屠夫,狂战士,暗黑元首,寒冰射手,河流之王
武器大师,巨魔之王,解脱者,涤魂圣枪,魂锁典狱长,青钢影,盲僧,卡牌大师,残月之肃,蒸汽机器人
暗裔剑魔,北地之怒,圣枪游侠,暗黑元首,蒸汽机器人,山隐之焰,盲僧,离群之刺,涤魂圣枪,河流之王
不灭狂雷,狂野女猎手,圣枪游侠,残月之肃,魂锁典狱长,齐天大圣,法外狂徒,符文法师,涤魂圣枪,腕豪
青钢影,腕豪,发条魔灵,虚空之女,深海泰坦,荒漠屠夫,时间刺客,不屈之枪,残月之肃,弗雷尔卓德之心
齐天大圣,腕豪,暮光星灵,涤魂圣枪,牛头酋长,海洋之灾,虚空掠夺者,发条魔灵,复仇之矛,瓦洛兰之盾
天启者,法外狂徒,解脱者,寒冰射手,不屈之枪,荒漠屠夫,盲僧,符文法师,探险家,魂锁典狱长
猩红收割者,不灭狂雷,解脱者,探险家,腕豪,海兽祭司,狂战士,诡术妖姬,皮城女警,星界游神
齐天大圣,酒桶,圣枪游侠,寒冰射手,魂锁典狱长,不灭狂雷,狂野女猎手,符文法师,残月之肃,星界游神
海洋之灾,腕豪,符文法师,残月之肃,魂锁典狱长,山隐之焰,狂战士,暗黑元首,皮城女警,堕落天使
荒漠屠夫,巨魔之王,发条魔灵,涤魂圣枪,河流之王,暗裔剑魔,不灭狂雷,时间刺客,复仇之矛,曙光女神
腕豪,盲僧,诡术妖姬,皮城女警,魂锁典狱长,海洋之灾,巨魔之王,发条魔灵,探险家,深海泰坦
铁铠冥魂,不灭狂雷,卡牌大师,探险家,深海泰坦,海洋之灾,巨魔之王,暮光星灵,涤魂圣枪,河流之王
无畏战车,虚空掠夺者,卡牌大师,涤魂圣枪,河流之王,未来守护者,法外狂徒,正义巨像,魔蛇之拥,腕豪
海洋之灾,狂战士,发条魔灵,寒冰射手,天启者,不灭狂雷,解脱者,沙漠皇帝,探险家,星界游神
解脱者,盲僧,发条魔灵,探险家,星界游神,狂暴之心,巨魔之王,暮光星灵,残月之肃,深海泰坦
青钢影,不灭狂雷,诡术妖姬,皮城女警,堕落天使,海洋之灾,盲僧,英勇投弹手,戏命师,血港鬼影
未来守护者,腕豪,暮光星灵,探险家,曙光女神,天启者,盲僧,暗黑元首,寒冰射手,不屈之枪
荒漠屠夫,不灭狂雷,暮光星灵,皮城女警,深海泰坦,暮光之眼,腕豪,诡术妖姬,涤魂圣枪,魂锁典狱长
齐天大圣,盲僧,暮光星灵,戏命师,魂锁典狱长,铁铠冥魂,巨魔之王,发条魔灵,寒冰射手,深海泰坦
亡灵战神,不灭狂雷,暗黑元首,复仇之矛,堕落天使,腕豪,巨魔之王,暮光星灵,残月之肃,深海泰坦
狂暴之心,狂战士,暮光星灵,寒冰射手,仙灵女巫,未来守护者,北地之怒,圣枪游侠,大发明家,涤魂圣枪
狂暴之心,含羞蓓蕾,未来守护者,戏命师,魂锁典狱长,荒漠屠夫,虚空掠夺者,暮光星灵,寒冰射手,星界游神
荒漠屠夫,法外狂徒,暮光星灵,复仇之矛,深海泰坦,德玛西亚之翼,腕豪,卡牌大师,惩戒之箭,魂锁典狱长
海洋之灾,不灭狂雷,卡牌大师,寒冰射手,星界游神,铁铠冥魂,巨魔之王,暮光星灵,残月之肃,弗雷尔卓德之心
荒漠屠夫,法外狂徒,诡术妖姬,寒冰射手,河流之王,机械公敌,腕豪,暗黑元首,皮城女警,堕落天使
海洋之灾,盲僧,暗黑元首,涤魂圣枪,腕豪,荒漠屠夫,蜘蛛女皇,疾风剑豪,寒冰射手,弗雷尔卓德之心
解脱者,武器大师,诡术妖姬,寒冰射手,弗雷尔卓德之心,狂暴之心,不灭狂雷,暮光星灵,复仇之矛,幻翎
腕豪,盲僧,诡术妖姬,皮城女警,光辉女郎,山隐之焰,巨魔之王,英勇投弹手,寒冰射手,魂锁典狱长
荒漠屠夫,法外狂徒,魔蛇之拥,惩戒之箭,魂锁典狱长,不灭狂雷,狂野女猎手,圣枪游侠,寒冰射手,堕落天使
青钢影,法外狂徒,发条魔灵,涤魂圣枪,深海泰坦,亡灵战神,巨魔之王,沙漠皇帝,探险家,不屈之枪
狂暴之心,酒桶,麦林炮手,涤魂圣枪,弗雷尔卓德之心,山隐之焰,虚空掠夺者,诡术妖姬,复仇之矛,深海泰坦
荒漠屠夫,巨魔之王,暮光星灵,残月之肃,魂锁典狱长,不灭狂雷,盲僧,冰霜女巫,寒冰射手,河流之王
腕豪,法外狂徒,沙漠皇帝,探险家,星界游神,暮光之眼,时间刺客,发条魔灵,复仇之矛,魂锁典狱长
荒漠屠夫,腕豪,探险家,死亡颂唱者,血港鬼影,狂暴之心,不灭狂雷,发条魔灵,皮城女警,魂锁典狱长
荒漠屠夫,巨魔之王,魔蛇之拥,涤魂圣枪,魂锁典狱长,齐天大圣,时间刺客,仙灵女巫,皮城女警,星界游神
解脱者,腕豪,诡术妖姬,寒冰射手,魂锁典狱长,狂暴之心,盲僧,发条魔灵,残月之肃,星界游神
荒漠屠夫,巨魔之王,暮光星灵,皮城女警,天启者,迷失之牙,不灭狂雷,圣枪游侠,琴瑟仙女,光辉女郎
暗裔剑魔,法外狂徒,卡牌大师,寒冰射手,深海泰坦,不灭狂雷,盲僧,机械公敌,残月之肃,曙光女神
青钢影,盲僧,英勇投弹手,探险家,深海泰坦,狂暴之心,狂战士,正义巨像,复仇之矛,不屈之枪
狂暴之心,狂战士,发条魔灵,寒冰射手,光辉女郎,猩红收割者,不灭狂雷,暮光星灵,逆羽,幻翎
铁铠冥魂,腕豪,发条魔灵,皮城女警,光辉女郎,荒漠屠夫,酒桶,暮光星灵,涤魂圣枪,河流之王
离群之刺,盲僧,万花通灵,涤魂圣枪,铁铠冥魂,青钢影,法外狂徒,沙漠皇帝,寒冰射手,星界游神
青钢影,法外狂徒,正义巨像,皮城女警,光辉女郎,圣锤之毅,狂野女猎手,荒漠屠夫,探险家,星界游神
不灭狂雷,虚空遁地兽,解脱者,残月之肃,腕豪,铁铠冥魂,盲僧,符文法师,寒冰射手,魂锁典狱长
齐天大圣,狂战士,沙漠皇帝,涤魂圣枪,深海泰坦,青钢影,北地之怒,发条魔灵,探险家,正义巨像
荒漠屠夫,不灭狂雷,正义巨像,残月之肃,深海泰坦,山隐之焰,法外狂徒,天启者,寒冰射手,腕豪
荒漠屠夫,狂野女猎手,符文法师,寒冰射手,深海泰坦,海洋之灾,盲僧,九尾妖狐,皮城女警,光辉女郎
荒漠屠夫,岩雀,腕豪,荣耀行刑官,深海泰坦,山隐之焰,狂野女猎手,探险家,残月之肃,魂锁典狱长
未来守护者,法外狂徒,万花通灵,涤魂圣枪,正义巨像,荒漠屠夫,盲僧,符文法师,寒冰射手,星界游神
离群之刺,德玛西亚皇子,暗黑元首,寒冰射手,深海泰坦,海洋之灾,狂战士,暮光星灵,戏命师,星界游神
荒漠屠夫,巨魔之王,诡术妖姬,残月之肃,深海泰坦,山隐之焰,虚空遁地兽,时间刺客,寒冰射手,弗雷尔卓德之心
解脱者,法外狂徒,沙漠皇帝,涤魂圣枪,深海泰坦,山隐之焰,巨魔之王,暮光星灵,残月之肃,魂锁典狱长
铁铠冥魂,狂野女猎手,未来守护者,寒冰射手,深海泰坦,青钢影,永猎双子,正义巨像,探险家,星界游神
山隐之焰,巨魔之王,暗黑元首,涤魂圣枪,魂锁典狱长,正义天使,法外狂徒,暮光星灵,复仇之矛,蒸汽机器人
荒漠屠夫,含羞蓓蕾,暗黑元首,涤魂圣枪,曙光女神,迷失之牙,不灭狂雷,时间刺客,寒冰射手,腕豪
天启者,法外狂徒,暗黑元首,寒冰射手,魂锁典狱长,铁铠冥魂,时间刺客,圣枪游侠,残月之肃,曙光女神
无畏战车,死亡颂唱者,影流之主,寒冰射手,魂锁典狱长,海洋之灾,狂野女猎手,离群之刺,涤魂圣枪,腕豪
荒漠屠夫,不灭狂雷,沙漠皇帝,探险家,河流之王,青钢影,腕豪,离群之刺,残月之肃,魂锁典狱长
不灭狂雷,法外狂徒,诡术妖姬,残月之肃,魂锁典狱长,暴怒骑士,虚空遁地兽,猩红收割者,寒冰射手,腕豪
齐天大圣,巨魔之王,时间刺客,寒冰射手,魂锁典狱长,无畏战车,狂战士,暗黑元首,复仇之矛,深海泰坦
铁铠冥魂,死亡颂唱者,腕豪,探险家,深海泰坦,荒漠屠夫,狂野女猎手,解脱者,涤魂圣枪,星界游神
荒漠屠夫,巨魔之王,虚空行者,寒冰射手,深海泰坦,天启者,盲僧,诡术妖姬,残月之肃,星界游神
铁铠冥魂,巨魔之王,暗黑元首,探险家,蒸汽机器人,暮光之眼,战争之影,腕豪,琴瑟仙女,光辉女郎
荒漠屠夫,虚空遁地兽,天启者,寒冰射手,曙光女神,暗裔剑魔,狂野女猎手,暮光星灵,残月之肃,深海泰坦
海洋之灾,腕豪,发条魔灵,戏命师,河流之王,荒漠屠夫,含羞蓓蕾,暮光星灵,寒冰射手,魂锁典狱长
不灭狂雷,法外狂徒,发条魔灵,寒冰射手,蒸汽机器人,青钢影,腕豪,正义巨像,残月之肃,魂锁典狱长
暗裔剑魔,岩雀,腕豪,寒冰射手,天启者,荒漠屠夫,狂野女猎手,发条魔灵,残月之肃,深海泰坦
铁铠冥魂,不灭狂雷,暗黑元首,寒冰射手,星界游神,青钢影,盲僧,时间刺客,涤魂圣枪,不屈之枪
天启者,盲僧,暮光星灵,皮城女警,魂锁典狱长,青钢影,法外狂徒,离群之刺,探险家,暮光之眼
迷失之牙,法外狂徒,正义巨像,寒冰射手,弗雷尔卓德之心,山隐之焰,德玛西亚皇子,魔蛇之拥,探险家,天启者
荒漠屠夫,水晶先锋,发条魔灵,探险家,弗雷尔卓德之心,齐天大圣,不灭狂雷,岩雀,复仇之矛,瓦洛兰之盾
未来守护者,虚空遁地兽,解脱者,寒冰射手,不屈之枪,荒漠屠夫,盲僧,正义巨像,残月之肃,弗雷尔卓德之心
青钢影,盲僧,沙漠皇帝,虚空之女,深海泰坦,天启者,法外狂徒,远古巫灵,皮城女警,魂锁典狱长
腕豪,狂野女猎手,诡术妖姬,戏命师,堕落天使,暮光之眼,盲僧,发条魔灵,寒冰射手,深海泰坦
狂暴之心,盲僧,发条魔灵,寒冰射手,星界游神,天启者,狂战士,暮光星灵,残月之肃,腕豪
刀锋舞者,死亡颂唱者,暗黑元首,残月之肃,深海泰坦,狂暴之心,狂战士,天启者,皮城女警,光辉女郎
荒漠屠夫,法外狂徒,暗黑元首,涤魂圣枪,河流之王,亡灵战神,狂野女猎手,腕豪,寒冰射手,血港鬼影
青钢影,解脱者,正义巨像,赏金猎人,幻翎,武器大师,不灭狂雷,卡牌大师,戏命师,魂锁典狱长
山隐之焰,巨魔之王,虚空行者,探险家,星界游神,暗裔剑魔,狂野女猎手,沙漠皇帝,涤魂圣枪,扭曲树精
铁铠冥魂,虚空遁地兽,天启者,寒冰射手,深海泰坦,不灭狂雷,巨魔之王,暮光星灵,残月之肃,魂锁典狱长
山隐之焰,狂战士,沙漠皇帝,寒冰射手,深海泰坦,不灭狂雷,含羞蓓蕾,未来守护者,戏命师,腕豪
齐天大圣,时间刺客,不屈之枪,戏命师,深海泰坦,青钢影,解脱者,离群之刺,寒冰射手,魂锁典狱长
海洋之灾,巨魔之王,暗黑元首,寒冰射手,深海泰坦,荒漠屠夫,狂野女猎手,沙漠皇帝,惩戒之箭,魂锁典狱长
青钢影,法外狂徒,发条魔灵,虚空之女,深海泰坦,武器大师,酒桶,圣枪游侠,探险家,星界游神
天启者,法外狂徒,正义巨像,戏命师,深海泰坦,不灭狂雷,狂野女猎手,发条魔灵,寒冰射手,星界游神
圣锤之毅,不灭狂雷,离群之刺,戏命师,魂锁典狱长,含羞蓓蕾,腕豪,正义巨像,皮城女警,堕落天使
山隐之焰,虚空掠夺者,沙漠皇帝,探险家,天启者,解脱者,不灭狂雷,英勇投弹手,复仇之矛,曙光女神
未来守护者,狂战士,虚空行者,涤魂圣枪,腕豪,齐天大圣,不灭狂雷,解脱者,寒冰射手,众星之子
狂暴之心,巨魔之王,正义巨像,残月之肃,曙光女神,齐天大圣,不灭狂雷,暮光星灵,复仇之矛,瓦洛兰之盾
海洋之灾,狂战士,虚空行者,皮城女警,光辉女郎,荒漠屠夫,不灭狂雷,诡术妖姬,寒冰射手,河流之王
荒漠屠夫,盲僧,圣枪游侠,琴瑟仙女,光辉女郎,天启者,不灭狂雷,发条魔灵,寒冰射手,曙光女神
铁铠冥魂,巨魔之王,暮光星灵,皮城女警,天启者,解脱者,德玛西亚皇子,正义巨像,寒冰射手,光辉女郎
正义天使,腕豪,发条魔灵,寒冰射手,深海泰坦,山隐之焰,不灭狂雷,沙漠皇帝,探险家,幻翎
青钢影,狂野女猎手,卡牌大师,寒冰射手,腕豪,圣锤之毅,法外狂徒,解脱者,戏命师,深海泰坦
狂暴之心,狂野女猎手,暗裔剑魔,寒冰射手,深海泰坦,铁铠冥魂,时间刺客,腕豪,残月之肃,牛头酋长
圣枪游侠,狂野女猎手,暴怒骑士,残月之肃,天启者,荒漠屠夫,死亡颂唱者,元素女皇,寒冰射手,深海泰坦
暗裔剑魔,解脱者,腕豪,戏命师,曙光女神,亡灵战神,法外狂徒,时间刺客,寒冰射手,魂锁典狱长
不灭狂雷,齐天大圣,诡术妖姬,皮城女警,堕落天使,荒漠屠夫,解脱者,离群之刺,寒冰射手,魂锁典狱长
未来守护者,法外狂徒,卡牌大师,戏命师,深海泰坦,荒漠屠夫,巨魔之王,解脱者,寒冰射手,星界游神
圣锤之毅,法外狂徒,诡术妖姬,寒冰射手,曙光女神,铁铠冥魂,虚空遁地兽,时间刺客,残月之肃,深海泰坦
铁铠冥魂,腕豪,诡术妖姬,残月之肃,牛头酋长,不灭狂雷,巨魔之王,冰霜女巫,探险家,星界游神
离群之刺,巨魔之王,沙漠皇帝,寒冰射手,不屈之枪,未来守护者,狂战士,英勇投弹手,残月之肃,河流之王
不灭狂雷,法外狂徒,正义巨像,虚空之女,魂锁典狱长,铁铠冥魂,盲僧,解脱者,寒冰射手,深海泰坦
复仇之矛,腕豪,暗黑元首,逆羽,幻翎,扭曲树精,盲僧,圣枪游侠,寒冰射手,深海泰坦
荒漠屠夫,狂野女猎手,诡术妖姬,复仇之矛,魂锁典狱长,铁铠冥魂,不灭狂雷,腕豪,寒冰射手,幻翎
海洋之灾,不灭狂雷,暗黑元首,皮城女警,光辉女郎,荒漠屠夫,元素女皇,暮光星灵,寒冰射手,河流之王
天启者,腕豪,暗黑元首,探险家,曙光女神,青钢影,不灭狂雷,正义巨像,残月之肃,魂锁典狱长
青钢影,狂战士,卡牌大师,寒冰射手,星界游神,山隐之焰,法外狂徒,沙漠皇帝,探险家,曙光女神
圣锤之毅,永猎双子,暮光星灵,寒冰射手,曙光女神,铁铠冥魂,法外狂徒,刀锋之影,残月之肃,深海泰坦
解脱者,不灭狂雷,暗黑元首,寒冰射手,星界游神,山隐之焰,腕豪,暮光星灵,探险家,曙光女神
青钢影,狂战士,天启者,爆破鬼才,星界游神,祖安狂人,不灭狂雷,暮光星灵,残月之肃,深海泰坦
铁铠冥魂,时间刺客,圣枪游侠,寒冰射手,腕豪,荒漠屠夫,狂野女猎手,解脱者,涤魂圣枪,深海泰坦
不灭狂雷,狂野女猎手,暮光星灵,探险家,曙光女神,山隐之焰,腕豪,发条魔灵,残月之肃,魂锁典狱长
狂暴之心,永恒梦魇,正义巨像,残月之肃,仙灵女巫,荒漠屠夫,盲僧,机械公敌,探险家,星界游神
武器大师,盲僧,正义巨像,残月之肃,深海泰坦,荒漠屠夫,虚空遁地兽,沙漠皇帝,涤魂圣枪,魂锁典狱长
山隐之焰,法外狂徒,英勇投弹手,寒冰射手,深海泰坦,铁铠冥魂,盲僧,天启者,残月之肃,瓦洛兰之盾
荒漠屠夫,不灭狂雷,沙漠皇帝,寒冰射手,星界游神,齐天大圣,腕豪,解脱者,探险家,曙光女神
齐天大圣,狂野女猎手,天启者,涤魂圣枪,河流之王,荒漠屠夫,远古恐惧,麦林炮手,残月之肃,魂锁典狱长
铁铠冥魂,盲僧,诡术妖姬,残月之肃,星界游神,齐天大圣,不灭狂雷,虚空行者,复仇之矛,腕豪
荒漠屠夫,狂野女猎手,诡术妖姬,复仇之矛,魂锁典狱长,圣锤之毅,时间刺客,腕豪,寒冰射手,幻翎
齐天大圣,不灭狂雷,沙漠皇帝,探险家,瓦洛兰之盾,青钢影,盲僧,卡牌大师,寒冰射手,深海泰坦
铁铠冥魂,法外狂徒,沙漠皇帝,皮城女警,堕落天使,海洋之灾,不灭狂雷,解脱者,寒冰射手,星界游神
齐天大圣,不灭狂雷,冰霜女巫,寒冰射手,魂锁典狱长,虚空恐惧,盲僧,万花通灵,残月之肃,曙光女神
海洋之灾,时间刺客,永恒梦魇,残月之肃,天启者,荒漠屠夫,死亡颂唱者,元素女皇,寒冰射手,星界游神
迷失之牙,含羞蓓蕾,卡牌大师,皮城女警,魂锁典狱长,荒漠屠夫,盲僧,解脱者,寒冰射手,蒸汽机器人
荒漠屠夫,狂野女猎手,刀锋之影,寒冰射手,弗雷尔卓德之心,铁铠冥魂,盲僧,解脱者,惩戒之箭,曙光女神
青钢影,不灭狂雷,暮光星灵,探险家,星界游神,齐天大圣,战争之影,刀锋舞者,琴瑟仙女,光辉女郎
离群之刺,不灭狂雷,暮光星灵,寒冰射手,不屈之枪,狂暴之心,狂战士,发条魔灵,残月之肃,魂锁典狱长
解脱者,狂野女猎手,刀锋舞者,残月之肃,魂锁典狱长,山隐之焰,时间刺客,腕豪,复仇之矛,不屈之枪
青钢影,盲僧,卡牌大师,探险家,星界游神,齐天大圣,巨魔之王,正义巨像,寒冰射手,深海泰坦
圣枪游侠,法外狂徒,时间刺客,寒冰射手,星界游神,狂暴之心,巨魔之王,沙漠皇帝,皮城女警,魂锁典狱长
山隐之焰,法外狂徒,解脱者,探险家,河流之王,海洋之灾,含羞蓓蕾,发条魔灵,涤魂圣枪,深海泰坦
荒漠屠夫,法外狂徒,诡术妖姬,残月之肃,魂锁典狱长,迷失之牙,酒桶,腕豪,探险家,星界游神
青钢影,含羞蓓蕾,正义巨像,皮城女警,堕落天使,圣枪游侠,巨魔之王,山隐之焰,残月之肃,魂锁典狱长
荒漠屠夫,盲僧,发条魔灵,寒冰射手,曙光女神,齐天大圣,狂野女猎手,未来守护者,惩戒之箭,深海泰坦
不灭狂雷,法外狂徒,机械先驱,寒冰射手,弗雷尔卓德之心,铁铠冥魂,永猎双子,天启者,探险家,深海泰坦
青钢影,龙血武姬,腕豪,戏命师,天启者,荒漠屠夫,狂野女猎手,符文法师,皮城女警,光辉女郎
离群之刺,巨魔之王,解脱者,寒冰射手,不屈之枪,狂暴之心,盲僧,卡牌大师,残月之肃,深海泰坦
山隐之焰,盲僧,解脱者,寒冰射手,深海泰坦,铁铠冥魂,巨魔之王,荒漠屠夫,残月之肃,曙光女神
齐天大圣,盲僧,解脱者,虚空之女,星界游神,武器大师,腕豪,发条魔灵,探险家,曙光女神
刀锋舞者,虚空掠夺者,暗黑元首,暴走萝莉,深海泰坦,未来守护者,蜘蛛女皇,时间刺客,皮城女警,魂锁典狱长
齐天大圣,巨魔之王,魔蛇之拥,探险家,蒸汽机器人,青钢影,痛苦之拥,暮光星灵,皮城女警,涤魂圣枪
齐天大圣,虚空掠夺者,暗黑元首,寒冰射手,河流之王,机械公敌,狂野女猎手,腕豪,荣耀行刑官,魂锁典狱长
山隐之焰,盲僧,暗黑元首,寒冰射手,河流之王,荒漠屠夫,法外狂徒,沙漠皇帝,残月之肃,深海泰坦
蛮族之王,永猎双子,暗黑元首,残月之肃,深海泰坦,狂暴之心,巨魔之王,正义巨像,探险家,腕豪
天启者,德玛西亚皇子,沙漠皇帝,复仇之矛,蒸汽机器人,诺克萨斯之手,影流之镰,发条魔灵,琴瑟仙女,光辉女郎
无双剑姬,狂野女猎手,正义巨像,探险家,不屈之枪,铁铠冥魂,法外狂徒,暗黑元首,寒冰射手,弗雷尔卓德之心
圣枪游侠,法外狂徒,卡牌大师,戏命师,星界游神,狂暴之心,盲僧,解脱者,皮城女警,魂锁典狱长
荒漠屠夫,狂野女猎手,不屈之枪,虚空之女,曙光女神,迷失之牙,法外狂徒,机械公敌,寒冰射手,深海泰坦
青钢影,不灭狂雷,卡牌大师,探险家,弗雷尔卓德之心,齐天大圣,时间刺客,腕豪,残月之肃,魂锁典狱长
解脱者,虚空遁地兽,暮光星灵,寒冰射手,弗雷尔卓德之心,狂暴之心,盲僧,诡术妖姬,残月之肃,深海泰坦
狂暴之心,不灭狂雷,暗黑元首,探险家,天启者,未来守护者,巨魔之王,发条魔灵,皮城女警,光辉女郎
狂暴之心,巨魔之王,暗黑元首,残月之肃,星界游神,荒漠屠夫,不灭狂雷,天启者,逆羽,魂锁典狱长
暗夜猎手,德玛西亚皇子,卡牌大师,残月之肃,魂锁典狱长,铁铠冥魂,巨魔之王,解脱者,寒冰射手,弗雷尔卓德之心
荒漠屠夫,巨魔之王,暗黑元首,寒冰射手,河流之王,山隐之焰,不灭狂雷,时间刺客,复仇之矛,瓦洛兰之盾
腕豪,巨魔之王,卡牌大师,皮城女警,堕落天使,山隐之焰,不灭狂雷,英勇投弹手,戏命师,魔法猫咪
铁铠冥魂,不灭狂雷,圣枪游侠,探险家,不屈之枪,青钢影,蜘蛛女皇,未来守护者,残月之肃,魂锁典狱长
山隐之焰,虚空掠夺者,英勇投弹手,戏命师,河流之王,青钢影,腕豪,沙漠皇帝,皮城女警,弗雷尔卓德之心
荒漠屠夫,蜘蛛女皇,符文法师,复仇之矛,不屈之枪,圣枪游侠,龙血武姬,刀锋舞者,寒冰射手,河流之王
荒漠屠夫,腕豪,英勇投弹手,虚空之女,血港鬼影,青钢影,北地之怒,沙漠皇帝,探险家,星界游神
山隐之焰,盲僧,发条魔灵,寒冰射手,弗雷尔卓德之心,荒漠屠夫,巨魔之王,解脱者,残月之肃,堕落天使
不灭狂雷,酒桶,圣枪游侠,涤魂圣枪,深海泰坦,齐天大圣,虚空遁地兽,符文法师,寒冰射手,魂锁典狱长
迷失之牙,法外狂徒,冰霜女巫,寒冰射手,深海泰坦,荒漠屠夫,盲僧,诡术妖姬,残月之肃,曙光女神
武器大师,北地之怒,沙漠皇帝,戏命师,星界游神,荒漠屠夫,盲僧,虚空行者,皮城女警,魂锁典狱长
荒漠屠夫,永恒梦魇,正义巨像,残月之肃,魂锁典狱长,德玛西亚之翼,不灭狂雷,暮光星灵,涤魂圣枪,弗雷尔卓德之心
暮光之眼,不灭狂雷,诡术妖姬,探险家,弗雷尔卓德之心,荒漠屠夫,腕豪,沙漠皇帝,虚空之女,幻翎
虚空恐惧,盲僧,暗黑元首,戏命师,深海泰坦,亡灵战神,远古恐惧,发条魔灵,皮城女警,魂锁典狱长
青钢影,永恒梦魇,正义巨像,涤魂圣枪,暮光之眼,铁铠冥魂,法外狂徒,沙漠皇帝,深渊巨口,魂锁典狱长
齐天大圣,法外狂徒,潮汐海灵,复仇之矛,不屈之枪,离群之刺,巨魔之王,卡牌大师,残月之肃,深海泰坦
铁铠冥魂,酒桶,腕豪,皮城女警,天启者,不灭狂雷,战争之影,沙漠皇帝,琴瑟仙女,光辉女郎
青钢影,北地之怒,暮光星灵,涤魂圣枪,河流之王,武器大师,腕豪,正义巨像,探险家,魔法猫咪
不灭狂雷,齐天大圣,机械先驱,琴瑟仙女,光辉女郎,扭曲树精,狂野女猎手,暗黑元首,皮城女警,堕落天使
狂暴之心,狂野女猎手,腕豪,探险家,深海泰坦,荒漠屠夫,狂战士,发条魔灵,寒冰射手,仙灵女巫
狂暴之心,圣锤之毅,暗黑元首,涤魂圣枪,腕豪,荒漠屠夫,不灭狂雷,暮光星灵,复仇之矛,深海泰坦
海洋之灾,盲僧,暗黑元首,虚空之女,腕豪,亡灵战神,虚空掠夺者,发条魔灵,探险家,魔法猫咪
青钢影,死亡颂唱者,腕豪,复仇之矛,蒸汽机器人,不灭狂雷,痛苦之拥,离群之刺,荣耀行刑官,魂锁典狱长
离群之刺,不灭狂雷,元素女皇,寒冰射手,魂锁典狱长,山隐之焰,巨魔之王,岩雀,惩戒之箭,深海泰坦
荒漠屠夫,战争之影,卡牌大师,琴瑟仙女,光辉女郎,德玛西亚之翼,虚空遁地兽,暗黑元首,逆羽,幻翎
铁铠冥魂,狂战士,沙漠皇帝,复仇之矛,魂锁典狱长,山隐之焰,时间刺客,腕豪,虚空之女,深海泰坦
荒漠屠夫,含羞蓓蕾,腕豪,寒冰射手,天启者,海洋之灾,狂野女猎手,发条魔灵,涤魂圣枪,深海泰坦
熔岩巨兽,腕豪,沙漠皇帝,残月之肃,魂锁典狱长,迷失之牙,盲僧,暮光星灵,复仇之矛,深海泰坦
山隐之焰,巨魔之王,暮光星灵,皮城女警,堕落天使,齐天大圣,虚空遁地兽,沙漠皇帝,探险家,河流之王
荒漠屠夫,狂野女猎手,解脱者,探险家,星界游神,暮光之眼,腕豪,诡术妖姬,圣枪游侠,魔法猫咪
狂暴之心,不灭狂雷,暗黑元首,残月之肃,深海泰坦,暮光之眼,虚空掠夺者,发条魔灵,探险家,星界游神
山隐之焰,腕豪,发条魔灵,战争女神,星界游神,荒漠屠夫,北地之怒,沙漠皇帝,涤魂圣枪,河流之王
齐天大圣,巨魔之王,卡牌大师,残月之肃,星界游神,不灭狂雷,盲僧,解脱者,寒冰射手,牛头酋长
狂暴之心,法外狂徒,沙漠皇帝,涤魂圣枪,天启者,青钢影,北地之怒,发条魔灵,探险家,星界游神
荒漠屠夫,含羞蓓蕾,腕豪,皮城女警,魂锁典狱长,海洋之灾,不灭狂雷,影流之主,探险家,星界游神
熔岩巨兽,不灭狂雷,时光守护者,皮城女警,堕落天使,狂暴之心,法外狂徒,暮光星灵,寒冰射手,涤魂圣枪
荒漠屠夫,酒桶,暗黑元首,寒冰射手,魂锁典狱长,山隐之焰,盲僧,机械公敌,探险家,不屈之枪
齐天大圣,死亡颂唱者,熔岩巨兽,寒冰射手,不屈之枪,铁铠冥魂,解脱者,圣枪游侠,探险家,弗雷尔卓德之心
解脱者,腕豪,诡术妖姬,探险家,星界游神,山隐之焰,法外狂徒,暮光星灵,虚空之女,深海泰坦
狂暴之心,盲僧,腕豪,探险家,天启者,猩红收割者,不灭狂雷,影流之主,寒冰射手,魂锁典狱长
山隐之焰,不灭狂雷,发条魔灵,残月之肃,魂锁典狱长,齐天大圣,时间刺客,腕豪,寒冰射手,机械公敌
暮光之眼,时间刺客,圣枪游侠,魔蛇之拥,魔法猫咪,铁铠冥魂,不灭狂雷,虚空之女,探险家,虚空之眼
青钢影,腕豪,正义巨像,寒冰射手,曙光女神,狂暴之心,不灭狂雷,荒漠屠夫,皮城女警,深海泰坦
山隐之焰,腕豪,沙漠皇帝,残月之肃,曙光女神,不灭狂雷,巨魔之王,大发明家,探险家,星界游神
暗裔剑魔,盲僧,暮光星灵,惩戒之箭,星界游神,腕豪,不灭狂雷,暗黑元首,寒冰射手,深海泰坦
荒漠屠夫,盲僧,暮光星灵,复仇之矛,瓦洛兰之盾,德玛西亚之翼,巨魔之王,诡术妖姬,探险家,星界游神
齐天大圣,巨魔之王,暮光星灵,皮城女警,风暴之怒,扭曲树精,盲僧,诡术妖姬,寒冰射手,星界游神
青钢影,狂战士,正义巨像,皮城女警,蒸汽机器人,荒漠屠夫,齐天大圣,沙漠皇帝,光辉女郎,琴瑟仙女
亡灵战神,盲僧,暮光星灵,戏命师,曙光女神,正义天使,狂战士,发条魔灵,皮城女警,星界游神
狂暴之心,不灭狂雷,诡术妖姬,探险家,涤魂圣枪,荒漠屠夫,巨魔之王,暮光星灵,寒冰射手,机械公敌
齐天大圣,法外狂徒,时间刺客,寒冰射手,魂锁典狱长,铁铠冥魂,解脱者,腕豪,戏命师,深海泰坦
未来守护者,巨魔之王,暮光星灵,残月之肃,魂锁典狱长,荒漠屠夫,不灭狂雷,发条魔灵,探险家,深海泰坦
齐天大圣,腕豪,离群之刺,寒冰射手,弗雷尔卓德之心,狂暴之心,法外狂徒,暗黑元首,复仇之矛,深海泰坦
迷失之牙,巨魔之王,发条魔灵,探险家,蒸汽机器人,腕豪,法外狂徒,爆破鬼才,寒冰射手,魂锁典狱长
荒漠屠夫,蜘蛛女皇,正义巨像,逆羽,魂锁典狱长,迷失之牙,不灭狂雷,发条魔灵,虚空之女,深海泰坦
暴怒骑士,法外狂徒,时间刺客,寒冰射手,天启者,齐天大圣,狂野女猎手,疾风剑豪,皮城女警,光辉女郎
未来守护者,不灭狂雷,沙漠皇帝,涤魂圣枪,河流之王,青钢影,腕豪,暮光星灵,皮城女警,堕落天使
山隐之焰,狂战士,暮光星灵,探险家,星界游神,未来守护者,腕豪,卡牌大师,残月之肃,光辉女郎
狂暴之心,虚空遁地兽,未来守护者,皮城女警,光辉女郎,牧魂人,法外狂徒,发条魔灵,探险家,曙光女神
山隐之焰,狂野女猎手,暮光星灵,探险家,天启者,荒漠屠夫,死亡颂唱者,腕豪,残月之肃,深海泰坦
天启者,不灭狂雷,离群之刺,残月之肃,星界游神,未来守护者,蜘蛛女皇,齐天大圣,元素女皇,涤魂圣枪
海洋之灾,法外狂徒,解脱者,惩戒之箭,深海泰坦,符文法师,不灭狂雷,卡牌大师,寒冰射手,弗雷尔卓德之心
武器大师,狂野女猎手,诡术妖姬,寒冰射手,魂锁典狱长,青钢影,巨魔之王,虚空行者,逆羽,幻翎
刀锋舞者,法外狂徒,沙漠皇帝,寒冰射手,堕落天使,未来守护者,盲僧,暮光星灵,皮城女警,星界游神
青钢影,不灭狂雷,暮光星灵,探险家,深海泰坦,山隐之焰,法外狂徒,发条魔灵,寒冰射手,星界游神
荒漠屠夫,北地之怒,正义巨像,皮城女警,光辉女郎,青钢影,雪原双子,虚空行者,戏命师,赏金猎人
狂暴之心,不灭狂雷,沙漠皇帝,寒冰射手,天启者,刀锋舞者,腕豪,卡牌大师,皮城女警,堕落天使
圣锤之毅,盲僧,暮光星灵,残月之肃,星界游神,猩红收割者,不灭狂雷,齐天大圣,发条魔灵,涤魂圣枪
荒漠屠夫,不灭狂雷,正义巨像,探险家,星界游神,德玛西亚之翼,腕豪,英勇投弹手,皮城女警,光辉女郎
海洋之灾,法外狂徒,暗黑元首,皮城女警,河流之王,亡灵战神,腕豪,暮光星灵,戏命师,深海泰坦
荒漠屠夫,蜘蛛女皇,不屈之枪,寒冰射手,天启者,山隐之焰,狂野女猎手,圣枪游侠,戏命师,河流之王
未来守护者,时间刺客,腕豪,荣耀行刑官,深海泰坦,齐天大圣,狂野女猎手,离群之刺,探险家,星界游神
不灭狂雷,永恒梦魇,暗黑元首,探险家,瓦洛兰之盾,山隐之焰,时间刺客,暮光星灵,残月之肃,魂锁典狱长
腕豪,巨魔之王,英勇投弹手,寒冰射手,魂锁典狱长,机械公敌,不灭狂雷,暗黑元首,探险家,深海泰坦
铁铠冥魂,狂战士,天启者,寒冰射手,魂锁典狱长,青钢影,盲僧,卡牌大师,涤魂圣枪,深海泰坦
狂暴之心,不灭狂雷,冰霜女巫,探险家,曙光女神,迷失之牙,盲僧,解脱者,寒冰射手,腕豪
迷失之牙,狂战士,卡牌大师,复仇之矛,弗雷尔卓德之心,荒漠屠夫,盲僧,暮光星灵,探险家,腕豪
狂暴之心,腕豪,卡牌大师,残月之肃,星界游神,扭曲树精,不灭狂雷,符文法师,复仇之矛,堕落天使
青钢影,巨魔之王,暮光星灵,涤魂圣枪,河流之王,未来守护者,时间刺客,腕豪,残月之肃,魂锁典狱长
未来守护者,法外狂徒,暗黑元首,涤魂圣枪,河流之王,刀锋舞者,盲僧,皎月女神,复仇之矛,天启者
山隐之焰,法外狂徒,暮光星灵,逆羽,幻翎,海洋之灾,虚空掠夺者,沙漠皇帝,寒冰射手,曙光女神
青钢影,盲僧,皎月女神,惩戒之箭,河流之王,武器大师,狂战士,正义巨像,寒冰射手,魂锁典狱长
齐天大圣,盲僧,正义巨像,寒冰射手,曙光女神,暗裔剑魔,腕豪,暮光星灵,探险家,星界游神
荒漠屠夫,不灭狂雷,英勇投弹手,皮城女警,堕落天使,武器大师,北地之怒,麦林炮手,探险家,天启者
海洋之灾,狂野女猎手,荒漠屠夫,残月之肃,深海泰坦,山隐之焰,不灭狂雷,符文法师,寒冰射手,腕豪
狂暴之心,不灭狂雷,解脱者,寒冰射手,堕落天使,圣枪游侠,法外狂徒,沙漠皇帝,皮城女警,仙灵女巫
青钢影,狂野女猎手,腕豪,残月之肃,正义巨像,荒漠屠夫,时间刺客,发条魔灵,探险家,星界游神
狂暴之心,北地之怒,圣枪游侠,探险家,弗雷尔卓德之心,荒漠屠夫,虚空掠夺者,正义巨像,麦林炮手,曙光女神
青钢影,死亡颂唱者,正义巨像,寒冰射手,深海泰坦,不灭狂雷,腕豪,不祥之刃,涤魂圣枪,河流之王
天启者,法外狂徒,虚空行者,惩戒之箭,曙光女神,荒漠屠夫,不灭狂雷,沙漠皇帝,寒冰射手,深海泰坦
暮光之眼,雪原双子,发条魔灵,复仇之矛,腕豪,铁铠冥魂,巨魔之王,虚空行者,虚空之女,深海泰坦
铁铠冥魂,盲僧,诡术妖姬,残月之肃,星界游神,无双剑姬,法外狂徒,天启者,寒冰射手,深海泰坦
山隐之焰,巨魔之王,暮光星灵,复仇之矛,腕豪,荒漠屠夫,法外狂徒,正义巨像,残月之肃,魂锁典狱长
亡灵战神,死亡颂唱者,腕豪,虚空之女,深海泰坦,天启者,不灭狂雷,沙漠皇帝,探险家,魂锁典狱长
荒漠屠夫,不灭狂雷,离群之刺,探险家,星界游神,青钢影,北地之怒,沙漠皇帝,涤魂圣枪,腕豪
齐天大圣,盲僧,诡术妖姬,残月之肃,曙光女神,荒漠屠夫,巨魔之王,暗黑元首,寒冰射手,深海泰坦
未来守护者,盲僧,发条魔灵,探险家,深海泰坦,青钢影,死亡颂唱者,荒漠屠夫,寒冰射手,曙光女神
圣枪游侠,不灭狂雷,暗黑元首,寒冰射手,星界游神,荒漠屠夫,狂野女猎手,暮光星灵,残月之肃,魂锁典狱长
迷失之牙,狂野女猎手,腕豪,齐天大圣,涤魂圣枪,狂暴之心,盲僧,离群之刺,寒冰射手,不屈之枪
荒漠屠夫,巨魔之王,发条魔灵,寒冰射手,弗雷尔卓德之心,不灭狂雷,死亡颂唱者,腕豪,残月之肃,魂锁典狱长
青钢影,法外狂徒,卡牌大师,寒冰射手,曙光女神,齐天大圣,不灭狂雷,诡术妖姬,戏命师,星界游神
山隐之焰,不灭狂雷,暗黑元首,寒冰射手,天启者,青钢影,腕豪,离群之刺,皮城女警,光辉女郎
铁铠冥魂,死亡颂唱者,不屈之枪,涤魂圣枪,曙光女神,青钢影,不灭狂雷,卡牌大师,爆破鬼才,深海泰坦
海洋之灾,盲僧,暗黑元首,残月之肃,魂锁典狱长,山隐之焰,法外狂徒,暮光星灵,探险家,星界游神
未来守护者,狂战士,暗黑元首,复仇之矛,深海泰坦,暗裔剑魔,巨魔之王,暮光星灵,探险家,圣锤之毅
亡灵战神,死亡颂唱者,腕豪,虚空之女,血港鬼影,解脱者,不灭狂雷,沙漠皇帝,探险家,魔法猫咪
荒漠屠夫,巨魔之王,时间刺客,残月之肃,深海泰坦,不灭狂雷,死亡颂唱者,未来守护者,探险家,魂锁典狱长
铁铠冥魂,解脱者,不屈之枪,残月之肃,牛头酋长,荒漠屠夫,盲僧,正义巨像,寒冰射手,曙光女神
青钢影,不灭狂雷,暗黑元首,探险家,河流之王,荒漠屠夫,狂野女猎手,诡术妖姬,虚空之女,曙光女神
解脱者,法外狂徒,发条魔灵,复仇之矛,深海泰坦,狂暴之心,不灭狂雷,未来守护者,残月之肃,瓦洛兰之盾
解脱者,狂野女猎手,荒漠屠夫,寒冰射手,天启者,铁铠冥魂,永猎双子,发条魔灵,涤魂圣枪,腕豪
解脱者,巨魔之王,卡牌大师,荣耀行刑官,魂锁典狱长,猩红收割者,不灭狂雷,诡术妖姬,戏命师,星界游神
不灭狂雷,盲僧,符文法师,涤魂圣枪,深海泰坦,荒漠屠夫,腕豪,魔蛇之拥,复仇之矛,曙光女神
不灭狂雷,盲僧,正义巨像,惩戒之箭,深海泰坦,荒漠屠夫,腕豪,卡牌大师,寒冰射手,曙光女神
解脱者,腕豪,暗黑元首,寒冰射手,魂锁典狱长,山隐之焰,巨魔之王,暮光星灵,皮城女警,河流之王
荒漠屠夫,狂野女猎手,正义巨像,皮城女警,星界游神,山隐之焰,狂战士,暗黑元首,暴走萝莉,仙灵女巫
山隐之焰,法外狂徒,发条魔灵,惩戒之箭,曙光女神,荒漠屠夫,不灭狂雷,离群之刺,戏命师,深海泰坦
暗裔剑魔,法外狂徒,暮光星灵,戏命师,深海泰坦,青钢影,虚空掠夺者,诡术妖姬,寒冰射手,河流之王
圣枪游侠,含羞蓓蕾,不祥之刃,虚空之女,牛头酋长,天启者,法外狂徒,虚空行者,残月之肃,弗雷尔卓德之心
荒漠屠夫,盲僧,暮光星灵,寒冰射手,河流之王,山隐之焰,狂战士,天启者,残月之肃,魂锁典狱长
铁铠冥魂,巨魔之王,暮光星灵,探险家,魂锁典狱长,猩红收割者,不灭狂雷,诡术妖姬,寒冰射手,弗雷尔卓德之心
齐天大圣,盲僧,卡牌大师,寒冰射手,曙光女神,熔岩巨兽,狂野女猎手,暮光星灵,残月之肃,魂锁典狱长
武器大师,德玛西亚皇子,发条魔灵,皮城女警,光辉女郎,不灭狂雷,法外狂徒,天启者,寒冰射手,魂锁典狱长
荒漠屠夫,狂战士,诡术妖姬,皮城女警,光辉女郎,迷失之牙,法外狂徒,正义巨像,寒冰射手,星界游神
海洋之灾,不灭狂雷,解脱者,惩戒之箭,魂锁典狱长,荒漠屠夫,盲僧,卡牌大师,寒冰射手,深海泰坦
铁铠冥魂,腕豪,发条魔灵,残月之肃,魂锁典狱长,武器大师,巨魔之王,暗黑元首,皮城女警,光辉女郎
齐天大圣,盲僧,沙漠皇帝,寒冰射手,不屈之枪,未来守护者,狂野女猎手,卡牌大师,探险家,星界游神
荒漠屠夫,法外狂徒,天启者,惩戒之箭,魂锁典狱长,青钢影,蜘蛛女皇,正义巨像,复仇之矛,蒸汽机器人
青钢影,法外狂徒,天启者,残月之肃,曙光女神,武器大师,永猎双子,发条魔灵,寒冰射手,深海泰坦
圣锤之毅,法外狂徒,诡术妖姬,复仇之矛,星界游神,荒漠屠夫,不灭狂雷,冰霜女巫,寒冰射手,仙灵女巫
铁铠冥魂,盲僧,卡牌大师,复仇之矛,深海泰坦,荒漠屠夫,巨魔之王,暗黑元首,寒冰射手,星界游神
青钢影,不灭狂雷,离群之刺,残月之肃,曙光女神,荒漠屠夫,狂野女猎手,暗黑元首,虚空之女,魂锁典狱长
齐天大圣,不灭狂雷,离群之刺,探险家,魂锁典狱长,铁铠冥魂,法外狂徒,沙漠皇帝,复仇之矛,深海泰坦
山隐之焰,狂野女猎手,暗黑元首,残月之肃,幻翎,海洋之灾,狂战士,暮光星灵,探险家,弗雷尔卓德之心
未来守护者,不灭狂雷,时间刺客,皮城女警,光辉女郎,荒漠屠夫,狂战士,发条魔灵,寒冰射手,天启者
迷失之牙,永猎双子,时间刺客,残月之肃,深海泰坦,不灭狂雷,狂野女猎手,魔蛇之拥,寒冰射手,魂锁典狱长
青钢影,腕豪,正义巨像,探险家,星界游神,不灭狂雷,法外狂徒,解脱者,寒冰射手,深海泰坦
狂暴之心,盲僧,沙漠皇帝,圣枪游侠,魔法猫咪,青钢影,狂野女猎手,暮光星灵,探险家,星界游神
铁铠冥魂,狂野女猎手,腕豪,残月之肃,深海泰坦,解脱者,不灭狂雷,沙漠皇帝,探险家,魂锁典狱长
解脱者,巨魔之王,暗黑元首,残月之肃,星界游神,铁铠冥魂,腕豪,时间刺客,探险家,魔法猫咪
未来守护者,巨魔之王,暮光星灵,复仇之矛,深海泰坦,山隐之焰,法外狂徒,沙漠皇帝,残月之肃,魂锁典狱长
天启者,法外狂徒,解脱者,皮城女警,堕落天使,青钢影,盲僧,卡牌大师,戏命师,不屈之枪
荒漠屠夫,永猎双子,万花通灵,寒冰射手,深海泰坦,齐天大圣,法外狂徒,正义巨像,探险家,星界游神
铁铠冥魂,腕豪,正义巨像,复仇之矛,曙光女神,山隐之焰,盲僧,解脱者,探险家,河流之王
铁铠冥魂,狂战士,暮光星灵,寒冰射手,弗雷尔卓德之心,山隐之焰,巨魔之王,沙漠皇帝,残月之肃,魂锁典狱长
不灭狂雷,虚空掠夺者,暗黑元首,残月之肃,魂锁典狱长,未来守护者,盲僧,暮光星灵,探险家,星界游神
青钢影,盲僧,卡牌大师,探险家,弗雷尔卓德之心,山隐之焰,巨魔之王,暮光星灵,寒冰射手,仙灵女巫
铁铠冥魂,不灭狂雷,发条魔灵,寒冰射手,深海泰坦,暗裔剑魔,狂战士,天启者,残月之肃,瓦洛兰之盾
荒漠屠夫,狂战士,解脱者,皮城女警,光辉女郎,山隐之焰,不灭狂雷,发条魔灵,寒冰射手,涤魂圣枪
荒漠屠夫,法外狂徒,冰霜女巫,戏命师,曙光女神,山隐之焰,巨魔之王,诡术妖姬,寒冰射手,星界游神
牧魂人,狂战士,冰霜女巫,寒冰射手,深海泰坦,狂暴之心,法外狂徒,诡术妖姬,探险家,瓦洛兰之盾
解脱者,盲僧,离群之刺,寒冰射手,星界游神,山隐之焰,不灭狂雷,暗黑元首,戏命师,天启者
海洋之灾,巨魔之王,解脱者,惩戒之箭,魂锁典狱长,荒漠屠夫,盲僧,发条魔灵,寒冰射手,弗雷尔卓德之心
海洋之灾,死亡颂唱者,腕豪,探险家,光辉女郎,荒漠屠夫,巨魔之王,离群之刺,残月之肃,魂锁典狱长
青钢影,解脱者,正义巨像,寒冰射手,魂锁典狱长,荒漠屠夫,盲僧,暗黑元首,逆羽,深海泰坦
天启者,盲僧,诡术妖姬,复仇之矛,腕豪,猩红收割者,虚空掠夺者,正义巨像,涤魂圣枪,弗雷尔卓德之心
海洋之灾,巨魔之王,发条魔灵,寒冰射手,星界游神,荒漠屠夫,法外狂徒,解脱者,探险家,深海泰坦
铁铠冥魂,腕豪,暮光星灵,寒冰射手,河流之王,荒漠屠夫,狂野女猎手,沙漠皇帝,复仇之矛,幻翎
山隐之焰,法外狂徒,卡牌大师,皮城女警,星界游神,圣枪游侠,狂野女猎手,腕豪,寒冰射手,天启者
圣枪游侠,法外狂徒,卡牌大师,残月之肃,魂锁典狱长,未来守护者,巨魔之王,离群之刺,寒冰射手,天启者
山隐之焰,蜘蛛女皇,卡牌大师,皮城女警,光辉女郎,未来守护者,不灭狂雷,机械公敌,探险家,天启者
山隐之焰,巨魔之王,沙漠皇帝,探险家,魔法猫咪,荒漠屠夫,腕豪,解脱者,寒冰射手,魂锁典狱长
青钢影,北地之怒,发条魔灵,探险家,星界游神,腕豪,盲僧,沙漠皇帝,虚空之女,魂锁典狱长
不灭狂雷,狂野女猎手,正义巨像,皮城女警,光辉女郎,荒漠屠夫,法外狂徒,天启者,暴走萝莉,魂锁典狱长
扭曲树精,盲僧,暗黑元首,寒冰射手,魂锁典狱长,荒漠屠夫,不灭狂雷,诡术妖姬,涤魂圣枪,河流之王
山隐之焰,腕豪,暗黑元首,皮城女警,涤魂圣枪,暗裔剑魔,虚空掠夺者,发条魔灵,寒冰射手,星界游神
青钢影,盲僧,正义巨像,寒冰射手,仙灵女巫,武器大师,狂野女猎手,影流之主,皮城女警,光辉女郎
铁铠冥魂,法外狂徒,正义巨像,寒冰射手,弗雷尔卓德之心,山隐之焰,不灭狂雷,魔蛇之拥,复仇之矛,不屈之枪
狂暴之心,法外狂徒,正义巨像,寒冰射手,光辉女郎,青钢影,狂野女猎手,圣枪游侠,探险家,天启者
暗裔剑魔,死亡颂唱者,不屈之枪,探险家,星界游神,铁铠冥魂,法外狂徒,正义巨像,复仇之矛,腕豪
齐天大圣,巨魔之王,沙漠皇帝,寒冰射手,瓦洛兰之盾,战争之影,不灭狂雷,解脱者,探险家,深海泰坦
青钢影,永猎双子,天启者,复仇之矛,正义巨像,狂暴之心,狂野女猎手,荒漠屠夫,残月之肃,星界游神
无畏战车,虚空遁地兽,暮光星灵,涤魂圣枪,腕豪,牧魂人,盲僧,刀锋舞者,戏命师,蒸汽机器人
齐天大圣,永猎双子,正义巨像,寒冰射手,弗雷尔卓德之心,山隐之焰,法外狂徒,暗黑元首,探险家,瓦洛兰之盾
猩红收割者,不灭狂雷,刀锋舞者,寒冰射手,魂锁典狱长,海洋之灾,狂战士,邪恶小法师,皮城女警,天启者
荒漠屠夫,北地之怒,沙漠皇帝,复仇之矛,牛头酋长,齐天大圣,圣锤之毅,暮光星灵,残月之肃,弗雷尔卓德之心
不灭狂雷,北地之怒,天启者,探险家,曙光女神,狂暴之心,盲僧,发条魔灵,残月之肃,魂锁典狱长
山隐之焰,巨魔之王,发条魔灵,戏命师,天启者,解脱者,腕豪,沙漠皇帝,寒冰射手,弗雷尔卓德之心
猩红收割者,狂战士,暗黑元首,寒冰射手,蒸汽机器人,荒漠屠夫,巨魔之王,圣枪游侠,琴瑟仙女,光辉女郎
海洋之灾,蜘蛛女皇,发条魔灵,荣耀行刑官,腕豪,狂暴之心,法外狂徒,解脱者,探险家,弗雷尔卓德之心
腕豪,不灭狂雷,暗黑元首,残月之肃,星界游神,暮光之眼,虚空掠夺者,暮光星灵,探险家,魔法猫咪
武器大师,法外狂徒,暗黑元首,复仇之矛,腕豪,青钢影,狂战士,解脱者,寒冰射手,河流之王
猩红收割者,齐天大圣,冰霜女巫,戏命师,星界游神,铁铠冥魂,巨魔之王,诡术妖姬,探险家,深海泰坦
青钢影,死亡颂唱者,山隐之焰,涤魂圣枪,河流之王,猩红收割者,腕豪,沙漠皇帝,探险家,星界游神
天启者,狂战士,正义巨像,皮城女警,堕落天使,海洋之灾,不灭狂雷,暗黑元首,寒冰射手,星界游神
山隐之焰,法外狂徒,暮光星灵,皮城女警,星界游神,青钢影,狂野女猎手,腕豪,探险家,天启者
青钢影,不灭狂雷,正义巨像,戏命师,星界游神,山隐之焰,巨魔之王,万花通灵,寒冰射手,蒸汽机器人
荒漠屠夫,狂野女猎手,时间刺客,复仇之矛,星界游神,迷失之牙,腕豪,沙漠皇帝,涤魂圣枪,河流之王
荒漠屠夫,法外狂徒,卡牌大师,涤魂圣枪,河流之王,暮光之眼,狂野女猎手,沙漠皇帝,寒冰射手,魂锁典狱长
天启者,不灭狂雷,发条魔灵,复仇之矛,深海泰坦,青钢影,巨魔之王,机械公敌,皮城女警,魂锁典狱长
狂暴之心,盲僧,诡术妖姬,寒冰射手,曙光女神,铁铠冥魂,不灭狂雷,沙漠皇帝,戏命师,深海泰坦
解脱者,盲僧,腕豪,寒冰射手,牛头酋长,狂暴之心,不灭狂雷,发条魔灵,残月之肃,曙光女神
青钢影,法外狂徒,正义巨像,残月之肃,魂锁典狱长,山隐之焰,巨魔之王,诡术妖姬,寒冰射手,星界游神
圣锤之毅,法外狂徒,沙漠皇帝,复仇之矛,深海泰坦,青钢影,虚空掠夺者,时间刺客,探险家,魂锁典狱长
虚空恐惧,虚空掠夺者,暗黑元首,涤魂圣枪,幻翎,亡灵战神,盲僧,发条魔灵,复仇之矛,瓦洛兰之盾
虚空恐惧,狂战士,发条魔灵,皮城女警,星界游神,祖安狂人,腕豪,暮光星灵,戏命师,深海泰坦
齐天大圣,解脱者,诡术妖姬,战争女神,深海泰坦,青钢影,法外狂徒,冰霜女巫,探险家,牛头酋长
未来守护者,不灭狂雷,正义巨像,残月之肃,风暴之怒,荒漠屠夫,腕豪,沙漠皇帝,探险家,星界游神
虚空恐惧,不灭狂雷,深渊巨口,逆羽,幻翎,海洋之灾,巨魔之王,沙漠皇帝,残月之肃,弗雷尔卓德之心
未来守护者,狂野女猎手,永恒梦魇,涤魂圣枪,深海泰坦,牧魂人,法外狂徒,暮光星灵,复仇之矛,瓦洛兰之盾
亡灵战神,死亡颂唱者,暗黑元首,复仇之矛,魂锁典狱长,齐天大圣,狂野女猎手,腕豪,探险家,河流之王
解脱者,水晶先锋,刀锋舞者,寒冰射手,弗雷尔卓德之心,不灭狂雷,盲僧,暮光星灵,探险家,曙光女神
铁铠冥魂,不灭狂雷,影流之主,探险家,曙光女神,齐天大圣,狂战士,冰霜女巫,皮城女警,天启者
山隐之焰,法外狂徒,沙漠皇帝,涤魂圣枪,蒸汽机器人,解脱者,盲僧,暮光星灵,皮城女警,星界游神
暗裔剑魔,齐天大圣,解脱者,琴瑟仙女,光辉女郎,离群之刺,不灭狂雷,元素女皇,探险家,星界游神
青钢影,狂战士,发条魔灵,光辉女郎,琴瑟仙女,山隐之焰,永猎双子,暮光星灵,复仇之矛,腕豪
亡灵战神,蜘蛛女皇,暗黑元首,复仇之矛,腕豪,暗裔剑魔,齐天大圣,沙漠皇帝,惩戒之箭,河流之王
铁铠冥魂,狂战士,暗黑元首,涤魂圣枪,河流之王,青钢影,永恒梦魇,正义巨像,寒冰射手,星界游神
德玛西亚之翼,腕豪,沙漠皇帝,残月之肃,河流之王,不灭狂雷,盲僧,解脱者,寒冰射手,天启者
山隐之焰,不灭狂雷,离群之刺,寒冰射手,魂锁典狱长,亡灵战神,狂战士,沙漠皇帝,皮城女警,堕落天使
齐天大圣,狂战士,发条魔灵,涤魂圣枪,天启者,不灭狂雷,法外狂徒,暗黑元首,皮城女警,光辉女郎
青钢影,北地之怒,正义巨像,涤魂圣枪,暮光之眼,铁铠冥魂,不灭狂雷,腕豪,逆羽,瓦洛兰之盾
铁铠冥魂,巨魔之王,发条魔灵,寒冰射手,血港鬼影,狂暴之心,腕豪,暗黑元首,探险家,星界游神
亡灵战神,盲僧,暮光星灵,探险家,天启者,青钢影,法外狂徒,诡术妖姬,寒冰射手,星界游神
机械公敌,死亡颂唱者,影流之主,皮城女警,堕落天使,不灭狂雷,狂战士,潮汐海灵,寒冰射手,深海泰坦
未来守护者,法外狂徒,发条魔灵,魔蛇之拥,邪恶小法师,齐天大圣,巨魔之王,沙漠皇帝,探险家,弗雷尔卓德之心
青钢影,死亡颂唱者,腕豪,皮城女警,光辉女郎,山隐之焰,盲僧,符文法师,寒冰射手,天启者
荒漠屠夫,巨魔之王,天启者,皮城女警,魂锁典狱长,狂暴之心,法外狂徒,沙漠皇帝,戏命师,深海泰坦
铁铠冥魂,盲僧,时间刺客,涤魂圣枪,瓦洛兰之盾,青钢影,狂野女猎手,正义巨像,寒冰射手,天启者
猩红收割者,岩雀,腕豪,皮城女警,堕落天使,山隐之焰,狂战士,英勇投弹手,探险家,天启者
无畏战车,腕豪,卡牌大师,寒冰射手,星界游神,齐天大圣,狂战士,暮光星灵,复仇之矛,魂锁典狱长
铁铠冥魂,盲僧,沙漠皇帝,涤魂圣枪,曙光女神,青钢影,狂野女猎手,正义巨像,皮城女警,堕落天使
荒漠屠夫,时间刺客,未来守护者,涤魂圣枪,河流之王,不灭狂雷,法外狂徒,沙漠皇帝,寒冰射手,天启者
山隐之焰,时间刺客,腕豪,探险家,光辉女郎,荒漠屠夫,狂野女猎手,沙漠皇帝,寒冰射手,深海泰坦
不灭狂雷,盲僧,卡牌大师,惩戒之箭,魂锁典狱长,荒漠屠夫,虚空遁地兽,解脱者,寒冰射手,堕落天使
齐天大圣,盲僧,离群之刺,涤魂圣枪,深海泰坦,青钢影,狂野女猎手,元素女皇,寒冰射手,曙光女神
荒漠屠夫,狂野女猎手,发条魔灵,寒冰射手,腕豪,海洋之灾,不灭狂雷,时间刺客,惩戒之箭,深海泰坦
武器大师,法外狂徒,卡牌大师,皮城女警,光辉女郎,铁铠冥魂,腕豪,正义巨像,寒冰射手,深海泰坦
山隐之焰,狂野女猎手,青钢影,戏命师,魂锁典狱长,暗裔剑魔,时间刺客,腕豪,寒冰射手,曙光女神
山隐之焰,法外狂徒,机械公敌,齐天大圣,涤魂圣枪,荒漠屠夫,死亡颂唱者,元素女皇,寒冰射手,魂锁典狱长
荒漠屠夫,盲僧,诡术妖姬,寒冰射手,星界游神,齐天大圣,法外狂徒,冰霜女巫,探险家,魔法猫咪
未来守护者,狂野女猎手,腕豪,寒冰射手,圣锤之毅,天启者,盲僧,暮光星灵,复仇之矛,酒桶
山隐之焰,盲僧,冰霜女巫,戏命师,深海泰坦,荒漠屠夫,死亡颂唱者,不屈之枪,寒冰射手,弗雷尔卓德之心
海洋之灾,盲僧,时间刺客,探险家,魂锁典狱长,铁铠冥魂,法外狂徒,暮光星灵,残月之肃,蒸汽机器人
迷失之牙,狂战士,暮光星灵,探险家,星界游神,荒漠屠夫,不灭狂雷,天启者,寒冰射手,仙灵女巫
不灭狂雷,腕豪,诡术妖姬,寒冰射手,天启者,荒漠屠夫,解脱者,未来守护者,皮城女警,光辉女郎
青钢影,不灭狂雷,万花通灵,探险家,星界游神,解脱者,法外狂徒,刀锋之影,寒冰射手,深海泰坦
未来守护者,死亡颂唱者,卡牌大师,复仇之矛,北地之怒,刀锋舞者,永恒梦魇,正义巨像,探险家,河流之王
荒漠屠夫,狂野女猎手,狂暴之心,寒冰射手,河流之王,腕豪,法外狂徒,正义巨像,涤魂圣枪,天启者
狂暴之心,狂战士,暮光星灵,皮城女警,光辉女郎,未来守护者,法外狂徒,暗黑元首,探险家,天启者
荒漠屠夫,法外狂徒,时间刺客,探险家,深海泰坦,天启者,狂野女猎手,刀锋之影,复仇之矛,魂锁典狱长
未来守护者,不灭狂雷,冰霜女巫,探险家,河流之王,亡灵战神,法外狂徒,时间刺客,寒冰射手,魂锁典狱长
